[
  {
    "_id": "Audit-Logging",
    "_type": "dashboard",
    "_source": {
      "title": "Liberty-Audit-K5-20180912",
      "hits": 0,
      "description": "",
      "panelsJSON": "[{\"col\":1,\"id\":\"Successes-Failures\",\"panelIndex\":1,\"row\":5,\"size_x\":6,\"size_y\":3,\"type\":\"visualization\"},{\"col\":1,\"id\":\"Event-Types\",\"panelIndex\":2,\"row\":8,\"size_x\":12,\"size_y\":3,\"type\":\"visualization\"},{\"col\":7,\"id\":\"User-Failures\",\"panelIndex\":3,\"row\":5,\"size_x\":6,\"size_y\":3,\"type\":\"visualization\"},{\"col\":1,\"id\":\"Audit-Description\",\"panelIndex\":6,\"row\":1,\"size_x\":12,\"size_y\":1,\"type\":\"visualization\"},{\"col\":1,\"id\":\"82b70950-b1e9-11e8-ae85-7f52869d5a56\",\"panelIndex\":10,\"row\":2,\"size_x\":4,\"size_y\":3,\"type\":\"visualization\"},{\"col\":5,\"id\":\"9a70f330-b1e9-11e8-ae85-7f52869d5a56\",\"panelIndex\":11,\"row\":2,\"size_x\":4,\"size_y\":3,\"type\":\"visualization\"},{\"col\":9,\"id\":\"8d300170-b1e9-11e8-ae85-7f52869d5a56\",\"panelIndex\":12,\"row\":2,\"size_x\":4,\"size_y\":3,\"type\":\"visualization\"},{\"size_x\":12,\"size_y\":7,\"panelIndex\":13,\"type\":\"search\",\"id\":\"Audit-Search\",\"col\":1,\"row\":11,\"columns\":[\"ibm_audit_eventName\",\"ibm_audit_outcome\",\"ibm_audit_target.credential.token\",\"ibm_audit_initiator.host.address\",\"ibm_sequence\"],\"sort\":[\"ibm_sequence.keyword\",\"desc\"]}]",
      "optionsJSON": "{\"darkTheme\":false}",
      "uiStateJSON": "{\"P-1\":{\"spy\":{\"mode\":{\"fill\":false,\"name\":null}}},\"P-10\":{\"vis\":{\"params\":{\"sort\":{\"columnIndex\":null,\"direction\":null}}}},\"P-11\":{\"vis\":{\"params\":{\"sort\":{\"columnIndex\":null,\"direction\":null}}}},\"P-12\":{\"vis\":{\"params\":{\"sort\":{\"columnIndex\":null,\"direction\":null}}}},\"P-3\":{\"vis\":{\"params\":{\"sort\":{\"columnIndex\":null,\"direction\":null}}}}}",
      "version": 1,
      "timeRestore": false,
      "kibanaSavedObjectMeta": {
        "searchSourceJSON": "{\"filter\":[{\"$state\":{\"store\":\"appState\"},\"query\":{\"match_all\":{}}},{\"query\":{\"query_string\":{\"analyze_wildcard\":true,\"query\":\"*\"}}}],\"highlightAll\":true,\"version\":true}"
      }
    }
  },
  {
    "_id": "Audit-Logging-AUTHN-AUTHZ",
    "_type": "dashboard",
    "_source": {
      "title": "Liberty-Audit-AUTHN-AUTHZ-K5-20180912",
      "hits": 0,
      "description": "",
      "panelsJSON": "[{\"col\":7,\"id\":\"Authentication-Types\",\"panelIndex\":6,\"row\":5,\"size_x\":6,\"size_y\":3,\"type\":\"visualization\"},{\"col\":1,\"id\":\"AUTHN-AUTHZ-Description\",\"panelIndex\":9,\"row\":1,\"size_x\":12,\"size_y\":1,\"type\":\"visualization\"},{\"col\":1,\"id\":\"7f707bc0-b1e7-11e8-ae85-7f52869d5a56\",\"panelIndex\":15,\"row\":2,\"size_x\":4,\"size_y\":3,\"type\":\"visualization\"},{\"col\":5,\"id\":\"d9675630-b1e7-11e8-ae85-7f52869d5a56\",\"panelIndex\":16,\"row\":2,\"size_x\":4,\"size_y\":3,\"type\":\"visualization\"},{\"col\":9,\"id\":\"10e45a90-b1e8-11e8-ae85-7f52869d5a56\",\"panelIndex\":17,\"row\":2,\"size_x\":4,\"size_y\":3,\"type\":\"visualization\"},{\"col\":1,\"id\":\"c47d4bd0-b200-11e8-ae85-7f52869d5a56\",\"panelIndex\":18,\"row\":5,\"size_x\":6,\"size_y\":3,\"type\":\"visualization\"},{\"size_x\":12,\"size_y\":5,\"panelIndex\":19,\"type\":\"search\",\"id\":\"AUTHN-AUTHZ-Search\",\"col\":1,\"row\":8,\"columns\":[\"ibm_audit_eventName\",\"ibm_audit_outcome\",\"ibm_audit_target.credential.token\",\"ibm_audit_target.appname\",\"ibm_audit_target.session\",\"ibm_audit_initiator.host.address\",\"ibm_audit_target.role.names\",\"ibm_sequence\"],\"sort\":[\"ibm_sequence.keyword\",\"desc\"]}]",
      "optionsJSON": "{\"darkTheme\":false}",
      "uiStateJSON": "{\"P-15\":{\"vis\":{\"params\":{\"sort\":{\"columnIndex\":null,\"direction\":null}}}},\"P-16\":{\"vis\":{\"params\":{\"sort\":{\"columnIndex\":null,\"direction\":null}}}},\"P-17\":{\"vis\":{\"params\":{\"sort\":{\"columnIndex\":null,\"direction\":null}}}},\"P-18\":{\"vis\":{\"colors\":{\"Failure/Denied\":\"#BF1B00\",\"Success\":\"#629E51\"}}}}",
      "version": 1,
      "timeRestore": false,
      "kibanaSavedObjectMeta": {
        "searchSourceJSON": "{\"filter\":[{\"$state\":{\"store\":\"appState\"},\"query\":{\"match_all\":{}}},{\"query\":{\"query_string\":{\"analyze_wildcard\":true,\"query\":\"*\"}}}],\"highlightAll\":true,\"version\":true}"
      }
    }
  },
  {
    "_id": "Audit-Logging-JMS",
    "_type": "dashboard",
    "_source": {
      "title": "Liberty-Audit-JMS-K5-20180912",
      "hits": 0,
      "description": "",
      "panelsJSON": "[{\"col\":1,\"id\":\"JMS-Description\",\"panelIndex\":1,\"row\":1,\"size_x\":12,\"size_y\":1,\"type\":\"visualization\"},{\"col\":1,\"id\":\"67c1e710-b1e8-11e8-ae85-7f52869d5a56\",\"panelIndex\":14,\"row\":2,\"size_x\":4,\"size_y\":3,\"type\":\"visualization\"},{\"col\":5,\"id\":\"995c1d40-b1e8-11e8-ae85-7f52869d5a56\",\"panelIndex\":15,\"row\":2,\"size_x\":4,\"size_y\":3,\"type\":\"visualization\"},{\"col\":9,\"id\":\"8099eb20-b1e8-11e8-ae85-7f52869d5a56\",\"panelIndex\":16,\"row\":2,\"size_x\":4,\"size_y\":3,\"type\":\"visualization\"},{\"col\":1,\"id\":\"1665d770-b1ff-11e8-ae85-7f52869d5a56\",\"panelIndex\":19,\"row\":5,\"size_x\":6,\"size_y\":3,\"type\":\"visualization\"},{\"col\":7,\"id\":\"683deb70-b536-11e8-a088-f55341e519d7\",\"panelIndex\":20,\"row\":5,\"size_x\":6,\"size_y\":3,\"type\":\"visualization\"},{\"size_x\":12,\"size_y\":4,\"panelIndex\":21,\"type\":\"search\",\"id\":\"07a28400-b537-11e8-a088-f55341e519d7\",\"col\":1,\"row\":8,\"columns\":[\"ibm_audit_eventName\",\"ibm_audit_outcome\",\"ibm_audit_target.credential.token\",\"ibm_audit_target.messaging.callType\",\"ibm_audit_target.messaging.remote.chainName\",\"ibm_sequence\"],\"sort\":[\"ibm_sequence.keyword\",\"desc\"]},{\"size_x\":12,\"size_y\":4,\"panelIndex\":22,\"type\":\"search\",\"id\":\"309ceee0-b537-11e8-a088-f55341e519d7\",\"col\":1,\"row\":12,\"columns\":[\"ibm_audit_eventName\",\"ibm_audit_outcome\",\"ibm_audit_target.credential.token\",\"ibm_audit_target.messaging.operationType\",\"ibm_audit_target.messaging.destination\",\"ibm_audit_target.messaging.jmsActions\",\"ibm_audit_target.messaging.jmsResource\",\"ibm_sequence\"],\"sort\":[\"ibm_sequence.keyword\",\"desc\"]}]",
      "optionsJSON": "{\"darkTheme\":false}",
      "uiStateJSON": "{\"P-14\":{\"vis\":{\"params\":{\"sort\":{\"columnIndex\":null,\"direction\":null}}}},\"P-15\":{\"vis\":{\"params\":{\"sort\":{\"columnIndex\":null,\"direction\":null}}}},\"P-16\":{\"vis\":{\"params\":{\"sort\":{\"columnIndex\":null,\"direction\":null}}}}}",
      "version": 1,
      "timeRestore": false,
      "kibanaSavedObjectMeta": {
        "searchSourceJSON": "{\"filter\":[{\"$state\":{\"store\":\"appState\"},\"query\":{\"match_all\":{}}},{\"query\":{\"query_string\":{\"analyze_wildcard\":true,\"query\":\"*\"}}}],\"highlightAll\":true,\"version\":true}"
      }
    }
  },
  {
    "_id": "Audit-Logging-JMX",
    "_type": "dashboard",
    "_source": {
      "title": "Liberty-Audit-JMX-K5-20180912",
      "hits": 0,
      "description": "",
      "panelsJSON": "[{\"col\":1,\"id\":\"Audit-JMX-Description\",\"panelIndex\":1,\"row\":1,\"size_x\":12,\"size_y\":1,\"type\":\"visualization\"},{\"col\":7,\"id\":\"JMX-Actions\",\"panelIndex\":6,\"row\":5,\"size_x\":6,\"size_y\":3,\"type\":\"visualization\"},{\"col\":1,\"id\":\"00dc8b30-b1e9-11e8-ae85-7f52869d5a56\",\"panelIndex\":13,\"row\":2,\"size_x\":4,\"size_y\":3,\"type\":\"visualization\"},{\"col\":5,\"id\":\"17d288d0-b1e9-11e8-ae85-7f52869d5a56\",\"panelIndex\":14,\"row\":2,\"size_x\":4,\"size_y\":3,\"type\":\"visualization\"},{\"col\":9,\"id\":\"ebf59770-b1e8-11e8-ae85-7f52869d5a56\",\"panelIndex\":15,\"row\":2,\"size_x\":4,\"size_y\":3,\"type\":\"visualization\"},{\"col\":1,\"id\":\"fec752e0-b200-11e8-ae85-7f52869d5a56\",\"panelIndex\":16,\"row\":5,\"size_x\":6,\"size_y\":3,\"type\":\"visualization\"},{\"size_x\":12,\"size_y\":4,\"panelIndex\":17,\"type\":\"search\",\"id\":\"0d860390-b539-11e8-a088-f55341e519d7\",\"col\":1,\"row\":8,\"columns\":[\"ibm_audit_eventName\",\"ibm_audit_outcome\",\"ibm_audit_target.jmx.mbean.name\",\"ibm_audit_target.jmx.mbean.action\",\"ibm_audit_target.jmx.mbean.attribute.name\",\"ibm_sequence\"],\"sort\":[\"ibm_sequence.keyword\",\"desc\"]},{\"size_x\":12,\"size_y\":5,\"panelIndex\":18,\"type\":\"search\",\"id\":\"97d42960-b538-11e8-a088-f55341e519d7\",\"col\":1,\"row\":12,\"columns\":[\"ibm_audit_eventName\",\"ibm_audit_target.jmx.mbean.action\",\"ibm_audit_outcome\",\"ibm_audit_target.jmx.notification.name\",\"ibm_audit_target.jmx.notification.listener\",\"ibm_audit_target.jmx.notification.filter\",\"ibm_audit_target.jmx.notification.handback\",\"ibm_sequence\"],\"sort\":[\"ibm_sequence.keyword\",\"desc\"]}]",
      "optionsJSON": "{\"darkTheme\":false}",
      "uiStateJSON": "{\"P-13\":{\"vis\":{\"params\":{\"sort\":{\"columnIndex\":0,\"direction\":\"asc\"}}}},\"P-14\":{\"vis\":{\"params\":{\"sort\":{\"columnIndex\":null,\"direction\":null}}}},\"P-15\":{\"vis\":{\"params\":{\"sort\":{\"columnIndex\":null,\"direction\":null}}}},\"P-16\":{\"vis\":{\"colors\":{\"Failure/Denied\":\"#BF1B00\",\"Success\":\"#629E51\"}}}}",
      "version": 1,
      "timeRestore": false,
      "kibanaSavedObjectMeta": {
        "searchSourceJSON": "{\"filter\":[{\"$state\":{\"store\":\"appState\"},\"query\":{\"match_all\":{}}},{\"query\":{\"query_string\":{\"analyze_wildcard\":true,\"query\":\"*\"}}}],\"highlightAll\":true,\"version\":true}"
      }
    }
  },
  {
    "_id": "4cd4d4e0-b2c8-11e8-a25d-e9479bd2b83b",
    "_type": "dashboard",
    "_source": {
      "title": "Liberty-Audit-SECURITY_MEMBER_MGMT-K5-20180912",
      "hits": 0,
      "description": "",
      "panelsJSON": "[{\"col\":1,\"id\":\"5d575d10-b2c8-11e8-a25d-e9479bd2b83b\",\"panelIndex\":1,\"row\":1,\"size_x\":12,\"size_y\":1,\"type\":\"visualization\"},{\"col\":1,\"id\":\"dd474940-b2c8-11e8-a25d-e9479bd2b83b\",\"panelIndex\":2,\"row\":2,\"size_x\":4,\"size_y\":3,\"type\":\"visualization\"},{\"col\":5,\"id\":\"ea0cf080-b2c8-11e8-a25d-e9479bd2b83b\",\"panelIndex\":3,\"row\":2,\"size_x\":4,\"size_y\":3,\"type\":\"visualization\"},{\"col\":9,\"id\":\"f597a6c0-b2c8-11e8-a25d-e9479bd2b83b\",\"panelIndex\":4,\"row\":2,\"size_x\":4,\"size_y\":3,\"type\":\"visualization\"},{\"col\":1,\"id\":\"bcb692a0-b2d5-11e8-a25d-e9479bd2b83b\",\"panelIndex\":6,\"row\":5,\"size_x\":6,\"size_y\":3,\"type\":\"visualization\"},{\"col\":7,\"id\":\"f8daff00-b2d5-11e8-a25d-e9479bd2b83b\",\"panelIndex\":7,\"row\":5,\"size_x\":6,\"size_y\":3,\"type\":\"visualization\"},{\"col\":1,\"id\":\"98041530-b2d6-11e8-a25d-e9479bd2b83b\",\"panelIndex\":9,\"row\":8,\"size_x\":6,\"size_y\":3,\"type\":\"visualization\"},{\"size_x\":6,\"size_y\":3,\"panelIndex\":10,\"type\":\"visualization\",\"id\":\"2abcff80-b53a-11e8-a088-f55341e519d7\",\"col\":7,\"row\":8},{\"size_x\":12,\"size_y\":5,\"panelIndex\":11,\"type\":\"search\",\"id\":\"83fcef90-b2d5-11e8-a25d-e9479bd2b83b\",\"col\":1,\"row\":11,\"columns\":[\"ibm_audit_eventName\",\"ibm_audit_outcome\",\"ibm_audit_target.typeURI\",\"ibm_audit_target.uniqueName\",\"ibm_audit_target.repositoryId\",\"ibm_audit_target.realm\",\"ibm_audit_target.appname\",\"ibm_audit_initiator.host.address\",\"ibm_sequence\"],\"sort\":[\"ibm_sequence.keyword\",\"desc\"]}]",
      "optionsJSON": "{\"darkTheme\":false}",
      "uiStateJSON": "{\"P-2\":{\"vis\":{\"params\":{\"sort\":{\"columnIndex\":null,\"direction\":null}}}},\"P-3\":{\"vis\":{\"params\":{\"sort\":{\"columnIndex\":null,\"direction\":null}}}},\"P-4\":{\"vis\":{\"params\":{\"sort\":{\"columnIndex\":null,\"direction\":null}}}},\"P-7\":{\"vis\":{\"params\":{\"sort\":{\"columnIndex\":null,\"direction\":null}}}}}",
      "version": 1,
      "timeRestore": false,
      "kibanaSavedObjectMeta": {
        "searchSourceJSON": "{\"filter\":[{\"query\":{\"query_string\":{\"analyze_wildcard\":true,\"query\":\"*\"}}}],\"highlightAll\":true,\"version\":true}"
      }
    }
  },
  {
    "_id": "83fcef90-b2d5-11e8-a25d-e9479bd2b83b",
    "_type": "search",
    "_source": {
      "title": "Audit SECURITY_MEMBER_MGMT Search",
      "description": "",
      "hits": 0,
      "columns": [
        "ibm_audit_eventName",
        "ibm_audit_outcome",
        "ibm_audit_target.typeURI",
        "ibm_audit_target.uniqueName",
        "ibm_audit_target.repositoryId",
        "ibm_audit_target.realm",
        "ibm_audit_target.appname",
        "ibm_audit_initiator.host.address",
        "ibm_sequence"
      ],
      "sort": [
        "ibm_sequence.keyword",
        "desc"
      ],
      "version": 1,
      "kibanaSavedObjectMeta": {
        "searchSourceJSON": "{\"index\":\"logstash-*\",\"highlightAll\":true,\"version\":true,\"filter\":[{\"$state\":{\"store\":\"appState\"},\"meta\":{\"alias\":null,\"disabled\":false,\"index\":\"logstash-*\",\"key\":\"type\",\"negate\":false,\"type\":\"phrase\",\"value\":\"liberty_audit\"},\"query\":{\"match\":{\"type\":{\"query\":\"liberty_audit\",\"type\":\"phrase\"}}}},{\"$state\":{\"store\":\"appState\"},\"meta\":{\"alias\":null,\"disabled\":false,\"index\":\"logstash-*\",\"key\":\"ibm_audit_eventName.keyword\",\"negate\":false,\"type\":\"phrase\",\"value\":\"SECURITY_MEMBER_MGMT\"},\"query\":{\"match\":{\"ibm_audit_eventName.keyword\":{\"query\":\"SECURITY_MEMBER_MGMT\",\"type\":\"phrase\"}}}}],\"query\":{\"query_string\":{\"query\":\"*\",\"analyze_wildcard\":true}}}"
      }
    }
  },
  {
    "_id": "AUTHN-AUTHZ-Search",
    "_type": "search",
    "_source": {
      "title": "Audit AUTHN/AUTHZ Search",
      "description": "",
      "hits": 0,
      "columns": [
        "ibm_audit_eventName",
        "ibm_audit_outcome",
        "ibm_audit_target.credential.token",
        "ibm_audit_target.appname",
        "ibm_audit_target.session",
        "ibm_audit_initiator.host.address",
        "ibm_audit_target.role.names",
        "ibm_sequence"
      ],
      "sort": [
        "ibm_sequence.keyword",
        "desc"
      ],
      "version": 1,
      "kibanaSavedObjectMeta": {
        "searchSourceJSON": "{\"index\":\"logstash-*\",\"highlightAll\":true,\"version\":true,\"query\":{\"match_all\":{}},\"filter\":[{\"$state\":{\"store\":\"appState\"},\"meta\":{\"alias\":null,\"disabled\":false,\"index\":\"logstash-*\",\"key\":\"ibm_audit_eventName\",\"negate\":false,\"params\":[\"SECURITY_AUTHZ\",\"SECURITY_AUTHN_FAILOVER\",\"SECURITY_AUTHN_DELEGATION\",\"SECURITY_AUTHN\",\"SECURITY_API_AUTHN_TERMINATE\",\"SECURITY_API_AUTHN\"],\"type\":\"phrases\",\"value\":\"SECURITY_AUTHZ, SECURITY_AUTHN_FAILOVER, SECURITY_AUTHN_DELEGATION, SECURITY_AUTHN, SECURITY_API_AUTHN_TERMINATE, SECURITY_API_AUTHN\"},\"query\":{\"bool\":{\"minimum_should_match\":1,\"should\":[{\"match_phrase\":{\"ibm_audit_eventName\":\"SECURITY_AUTHZ\"}},{\"match_phrase\":{\"ibm_audit_eventName\":\"SECURITY_AUTHN_FAILOVER\"}},{\"match_phrase\":{\"ibm_audit_eventName\":\"SECURITY_AUTHN_DELEGATION\"}},{\"match_phrase\":{\"ibm_audit_eventName\":\"SECURITY_AUTHN\"}},{\"match_phrase\":{\"ibm_audit_eventName\":\"SECURITY_API_AUTHN_TERMINATE\"}},{\"match_phrase\":{\"ibm_audit_eventName\":\"SECURITY_API_AUTHN\"}}]}}},{\"$state\":{\"store\":\"appState\"},\"meta\":{\"alias\":null,\"disabled\":false,\"index\":\"logstash-*\",\"key\":\"type\",\"negate\":false,\"type\":\"phrase\",\"value\":\"liberty_audit\"},\"query\":{\"match\":{\"type\":{\"query\":\"liberty_audit\",\"type\":\"phrase\"}}}}]}"
      }
    }
  },
  {
    "_id": "Audit-Search",
    "_type": "search",
    "_source": {
      "title": "General Audit Logging Search",
      "description": "",
      "hits": 0,
      "columns": [
        "ibm_audit_eventName",
        "ibm_audit_outcome",
        "ibm_audit_target.credential.token",
        "ibm_audit_initiator.host.address",
        "ibm_sequence"
      ],
      "sort": [
        "ibm_sequence.keyword",
        "desc"
      ],
      "version": 1,
      "kibanaSavedObjectMeta": {
        "searchSourceJSON": "{\"index\":\"logstash-*\",\"highlightAll\":true,\"version\":true,\"query\":{\"query_string\":{\"query\":\"*\",\"analyze_wildcard\":true}},\"filter\":[{\"meta\":{\"index\":\"logstash-*\",\"negate\":false,\"disabled\":false,\"alias\":null,\"type\":\"phrase\",\"key\":\"type\",\"value\":\"liberty_audit\"},\"query\":{\"match\":{\"type\":{\"query\":\"liberty_audit\",\"type\":\"phrase\"}}},\"$state\":{\"store\":\"appState\"}}]}"
      }
    }
  },
  {
    "_id": "07a28400-b537-11e8-a088-f55341e519d7",
    "_type": "search",
    "_source": {
      "title": "JMS Authentication Data",
      "description": "",
      "hits": 0,
      "columns": [
        "ibm_audit_eventName",
        "ibm_audit_outcome",
        "ibm_audit_target.credential.token",
        "ibm_audit_target.messaging.callType",
        "ibm_audit_target.messaging.remote.chainName",
        "ibm_sequence"
      ],
      "sort": [
        "ibm_sequence.keyword",
        "desc"
      ],
      "version": 1,
      "kibanaSavedObjectMeta": {
        "searchSourceJSON": "{\"index\":\"logstash-*\",\"highlightAll\":true,\"version\":true,\"filter\":[{\"meta\":{\"index\":\"logstash-*\",\"negate\":false,\"disabled\":false,\"alias\":null,\"type\":\"phrase\",\"key\":\"ibm_audit_eventName.keyword\",\"value\":\"SECURITY_JMS_AUTHN\"},\"query\":{\"match\":{\"ibm_audit_eventName.keyword\":{\"query\":\"SECURITY_JMS_AUTHN\",\"type\":\"phrase\"}}},\"$state\":{\"store\":\"appState\"}}]}"
      }
    }
  },
  {
    "_id": "Authorization-Outcomes",
    "_type": "search",
    "_source": {
      "title": "Authorization Outcomes",
      "description": "",
      "hits": 0,
      "columns": [
        "ibm_audit_eventName",
        "ibm_audit_outcome",
        "ibm_audit_target.role.names",
        "ibm_audit_target.credential.token",
        "ibm_audit_target.credential.type",
        "ibm_sequence"
      ],
      "sort": [
        "ibm_sequence.keyword",
        "desc"
      ],
      "version": 1,
      "kibanaSavedObjectMeta": {
        "searchSourceJSON": "{\"index\":\"logstash-*\",\"highlightAll\":true,\"version\":true,\"query\":{\"match_all\":{}},\"filter\":[{\"meta\":{\"negate\":false,\"index\":\"logstash-*\",\"type\":\"phrase\",\"key\":\"ibm_audit_eventName\",\"value\":\"SECURITY_AUTHZ\",\"disabled\":false,\"alias\":null},\"query\":{\"match\":{\"ibm_audit_eventName\":{\"query\":\"SECURITY_AUTHZ\",\"type\":\"phrase\"}}},\"$state\":{\"store\":\"appState\"}}]}"
      }
    }
  },
  {
    "_id": "97d42960-b538-11e8-a088-f55341e519d7",
    "_type": "search",
    "_source": {
      "title": "JMX Notification",
      "description": "",
      "hits": 0,
      "columns": [
        "ibm_audit_eventName",
        "ibm_audit_target.jmx.mbean.action",
        "ibm_audit_outcome",
        "ibm_audit_target.jmx.notification.name",
        "ibm_audit_target.jmx.notification.listener",
        "ibm_audit_target.jmx.notification.filter",
        "ibm_audit_target.jmx.notification.handback",
        "ibm_sequence"
      ],
      "sort": [
        "ibm_sequence.keyword",
        "desc"
      ],
      "version": 1,
      "kibanaSavedObjectMeta": {
        "searchSourceJSON": "{\"index\":\"logstash-*\",\"highlightAll\":true,\"version\":true,\"filter\":[{\"meta\":{\"index\":\"logstash-*\",\"negate\":false,\"disabled\":false,\"alias\":null,\"type\":\"phrase\",\"key\":\"ibm_audit_eventName.keyword\",\"value\":\"JMX_NOTIFICATION\"},\"query\":{\"match\":{\"ibm_audit_eventName.keyword\":{\"query\":\"JMX_NOTIFICATION\",\"type\":\"phrase\"}}},\"$state\":{\"store\":\"appState\"}}]}"
      }
    }
  },
  {
    "_id": "JMS-Search",
    "_type": "search",
    "_source": {
      "title": "JMS Messaging Search",
      "description": "",
      "hits": 0,
      "columns": [
        "ibm_audit_eventName",
        "ibm_audit_outcome",
        "ibm_audit_target.messaging.jmsResource",
        "ibm_audit_target.messaging.operationType",
        "ibm_audit_target.messaging.jmsActions",
        "ibm_sequence"
      ],
      "sort": [
        "ibm_sequence.keyword",
        "desc"
      ],
      "version": 1,
      "kibanaSavedObjectMeta": {
        "searchSourceJSON": "{\"index\":\"logstash-*\",\"highlightAll\":true,\"version\":true,\"query\":{\"match_all\":{}},\"filter\":[{\"$state\":{\"store\":\"appState\"},\"meta\":{\"alias\":null,\"disabled\":false,\"index\":\"logstash-*\",\"key\":\"ibm_audit_eventName\",\"negate\":false,\"params\":[\"SECURITY_JMS_AUTHN\",\"SECURITY_JMS_AUTHZ\"],\"type\":\"phrases\",\"value\":\"SECURITY_JMS_AUTHN, SECURITY_JMS_AUTHZ\"},\"query\":{\"bool\":{\"minimum_should_match\":1,\"should\":[{\"match_phrase\":{\"ibm_audit_eventName\":\"SECURITY_JMS_AUTHN\"}},{\"match_phrase\":{\"ibm_audit_eventName\":\"SECURITY_JMS_AUTHZ\"}}]}}}]}"
      }
    }
  },
  {
    "_id": "0d860390-b539-11e8-a088-f55341e519d7",
    "_type": "search",
    "_source": {
      "title": "JMX MBEAN Operations",
      "description": "",
      "hits": 0,
      "columns": [
        "ibm_audit_eventName",
        "ibm_audit_outcome",
        "ibm_audit_target.jmx.mbean.name",
        "ibm_audit_target.jmx.mbean.action",
        "ibm_audit_target.jmx.mbean.attribute.name",
        "ibm_sequence"
      ],
      "sort": [
        "ibm_sequence.keyword",
        "desc"
      ],
      "version": 1,
      "kibanaSavedObjectMeta": {
        "searchSourceJSON": "{\"index\":\"logstash-*\",\"highlightAll\":true,\"version\":true,\"filter\":[{\"meta\":{\"index\":\"logstash-*\",\"type\":\"phrases\",\"key\":\"ibm_audit_eventName.keyword\",\"value\":\"JMX_MBEAN, JMX_MBEAN_REGISTER, JMX_MBEAN_ATTRIBUTES\",\"params\":[\"JMX_MBEAN\",\"JMX_MBEAN_REGISTER\",\"JMX_MBEAN_ATTRIBUTES\"],\"negate\":false,\"disabled\":false,\"alias\":null},\"query\":{\"bool\":{\"should\":[{\"match_phrase\":{\"ibm_audit_eventName.keyword\":\"JMX_MBEAN\"}},{\"match_phrase\":{\"ibm_audit_eventName.keyword\":\"JMX_MBEAN_REGISTER\"}},{\"match_phrase\":{\"ibm_audit_eventName.keyword\":\"JMX_MBEAN_ATTRIBUTES\"}}],\"minimum_should_match\":1}},\"$state\":{\"store\":\"appState\"}}]}"
      }
    }
  },
  {
    "_id": "liberty_all",
    "_type": "search",
    "_source": {
      "title": "Liberty All Search",
      "description": "",
      "hits": 0,
      "columns": [
        "_source"
      ],
      "sort": [
        "ibm_sequence.keyword",
        "desc"
      ],
      "version": 1,
      "kibanaSavedObjectMeta": {
        "searchSourceJSON": "{\"index\":\"logstash-*\",\"highlight\":{\"pre_tags\":[\"@kibana-highlighted-field@\"],\"post_tags\":[\"@/kibana-highlighted-field@\"],\"fields\":{\"*\":{}},\"fragment_size\":2147483647},\"filter\":[],\"query\":{\"query_string\":{\"query\":\"type:liberty_*\",\"analyze_wildcard\":true}}}"
      }
    }
  },
  {
    "_id": "JMX-Search",
    "_type": "search",
    "_source": {
      "title": "JMX Search",
      "description": "",
      "hits": 0,
      "columns": [
        "ibm_audit_eventName",
        "ibm_audit_outcome",
        "ibm_audit_target.jmx.mbean.name",
        "ibm_audit_target.jmx.mbean.action",
        "ibm_audit_target.jmx.mbean.attribute.name",
        "ibm_sequence"
      ],
      "sort": [
        "ibm_sequence.keyword",
        "desc"
      ],
      "version": 1,
      "kibanaSavedObjectMeta": {
        "searchSourceJSON": "{\"index\":\"logstash-*\",\"highlightAll\":true,\"version\":true,\"query\":{\"match_all\":{}},\"filter\":[{\"meta\":{\"index\":\"logstash-*\",\"type\":\"phrases\",\"key\":\"ibm_audit_eventName\",\"value\":\"JMX_NOTIFICATION, JMX_MBEAN_ATTRIBUTES, JMX_MBEAN_REGISTER, JMX_MBEAN\",\"params\":[\"JMX_NOTIFICATION\",\"JMX_MBEAN_ATTRIBUTES\",\"JMX_MBEAN_REGISTER\",\"JMX_MBEAN\"],\"negate\":false,\"disabled\":false,\"alias\":null},\"query\":{\"bool\":{\"should\":[{\"match_phrase\":{\"ibm_audit_eventName\":\"JMX_NOTIFICATION\"}},{\"match_phrase\":{\"ibm_audit_eventName\":\"JMX_MBEAN_ATTRIBUTES\"}},{\"match_phrase\":{\"ibm_audit_eventName\":\"JMX_MBEAN_REGISTER\"}},{\"match_phrase\":{\"ibm_audit_eventName\":\"JMX_MBEAN\"}}],\"minimum_should_match\":1}},\"$state\":{\"store\":\"appState\"}},{\"meta\":{\"index\":\"logstash-*\",\"negate\":false,\"disabled\":false,\"alias\":null,\"type\":\"phrase\",\"key\":\"type\",\"value\":\"liberty_audit\"},\"query\":{\"match\":{\"type\":{\"query\":\"liberty_audit\",\"type\":\"phrase\"}}},\"$state\":{\"store\":\"appState\"}}]}"
      }
    }
  },
  {
    "_id": "309ceee0-b537-11e8-a088-f55341e519d7",
    "_type": "search",
    "_source": {
      "title": "JMS Authorization Data",
      "description": "",
      "hits": 0,
      "columns": [
        "ibm_audit_eventName",
        "ibm_audit_outcome",
        "ibm_audit_target.credential.token",
        "ibm_audit_target.messaging.operationType",
        "ibm_audit_target.messaging.destination",
        "ibm_audit_target.messaging.jmsActions",
        "ibm_audit_target.messaging.jmsResource",
        "ibm_sequence"
      ],
      "sort": [
        "ibm_sequence.keyword",
        "desc"
      ],
      "version": 1,
      "kibanaSavedObjectMeta": {
        "searchSourceJSON": "{\"index\":\"logstash-*\",\"highlightAll\":true,\"version\":true,\"filter\":[{\"meta\":{\"index\":\"logstash-*\",\"negate\":false,\"disabled\":false,\"alias\":null,\"type\":\"phrase\",\"key\":\"ibm_audit_eventName.keyword\",\"value\":\"SECURITY_JMS_AUTHZ\"},\"query\":{\"match\":{\"ibm_audit_eventName.keyword\":{\"query\":\"SECURITY_JMS_AUTHZ\",\"type\":\"phrase\"}}},\"$state\":{\"store\":\"appState\"}}]}"
      }
    }
  },
  {
    "_id": "Audit-Description",
    "_type": "visualization",
    "_source": {
      "title": "Liberty Audit Dashboard",
      "visState": "{\"title\":\"Liberty Audit Dashboard\",\"type\":\"markdown\",\"params\":{\"type\":\"markdown\",\"markdown\":\"Dashboard visualizes auditable events.  Configure the liberty audit feature in your Liberty server.xml file and configure the logstashCollector feature to use the audit source.  Click on host, user directory, server name or tag to filter the content shown on the dashboard.\"},\"aggs\":[],\"listeners\":{}}",
      "uiStateJSON": "{}",
      "description": "",
      "version": 1,
      "kibanaSavedObjectMeta": {
        "searchSourceJSON": "{\"query\":{\"match_all\":{}},\"filter\":[]}"
      }
    }
  },
  {
    "_id": "Audit-JMX-Description",
    "_type": "visualization",
    "_source": {
      "title": "Liberty Audit JMX",
      "visState": "{\"title\":\"Liberty Audit JMX\",\"type\":\"markdown\",\"params\":{\"type\":\"markdown\",\"markdown\":\"Dashboard visualizes auditable JMX MBean and JMX Notification events. Configure the liberty audit feature in your Liberty server.xml file and configure the logstashCollector feature to use the audit source. Click on host, user directory, server name or tag to filter the content shown on the dashboard.\"},\"aggs\":[],\"listeners\":{}}",
      "uiStateJSON": "{}",
      "description": "",
      "version": 1,
      "kibanaSavedObjectMeta": {
        "searchSourceJSON": "{\"query\":{\"match_all\":{}},\"filter\":[]}"
      }
    }
  },
  {
    "_id": "JMS-Description",
    "_type": "visualization",
    "_source": {
      "title": "Liberty Audit JMS",
      "visState": "{\"title\":\"Liberty Audit JMS\",\"type\":\"markdown\",\"params\":{\"type\":\"markdown\",\"markdown\":\"Dashboard visualizes auditable JMS messaging authentication and authorization events. Configure the liberty audit feature in your Liberty server.xml file and configure the logstashCollector feature to use the audit source.  Click on host, user directory, server name or tag to filter the content shown on the dashboard.\"},\"aggs\":[],\"listeners\":{}}",
      "uiStateJSON": "{}",
      "description": "",
      "version": 1,
      "kibanaSavedObjectMeta": {
        "searchSourceJSON": "{\"query\":{\"match_all\":{}},\"filter\":[]}"
      }
    }
  },
  {
    "_id": "AUTHN-AUTHZ-Description",
    "_type": "visualization",
    "_source": {
      "title": "Liberty Audit AUTHN/AUTHZ",
      "visState": "{\"title\":\"Liberty Audit AUTHN/AUTHZ\",\"type\":\"markdown\",\"params\":{\"type\":\"markdown\",\"markdown\":\"Dashboard visualizes auditable security authentication and authorization events. Configure the liberty audit feature in your Liberty server.xml file and configure the logstashCollector feature to use the audit source.  Click on host, user directory, server name or tag to filter the content shown on the dashboard.\"},\"aggs\":[],\"listeners\":{}}",
      "uiStateJSON": "{}",
      "description": "",
      "version": 1,
      "kibanaSavedObjectMeta": {
        "searchSourceJSON": "{\"query\":{\"match_all\":{}},\"filter\":[]}"
      }
    }
  },
  {
    "_id": "5d575d10-b2c8-11e8-a25d-e9479bd2b83b",
    "_type": "visualization",
    "_source": {
      "title": "Liberty Audit SECURITY_MEMBER_MGMT",
      "visState": "{\"title\":\"Liberty Audit SECURITY_MEMBER_MGMT\",\"type\":\"markdown\",\"params\":{\"markdown\":\"Dashboard visualizes auditable security member management events. Configure the liberty audit feature in your Liberty server.xml file and configure the logstashCollector feature to use the audit source. Click on host, user directory, server name or tag to filter the content shown on the dashboard.\"},\"aggs\":[],\"listeners\":{}}",
      "uiStateJSON": "{}",
      "description": "",
      "version": 1,
      "kibanaSavedObjectMeta": {
        "searchSourceJSON": "{\"query\":{\"query_string\":{\"query\":\"*\"}},\"filter\":[]}"
      }
    }
  },
  {
    "_id": "Successes-Failures",
    "_type": "visualization",
    "_source": {
      "title": "Successes vs Failures over time",
      "visState": "{\"title\":\"Successes vs Failures over time\",\"type\":\"histogram\",\"params\":{\"grid\":{\"categoryLines\":false,\"style\":{\"color\":\"#eee\"}},\"categoryAxes\":[{\"id\":\"CategoryAxis-1\",\"type\":\"category\",\"position\":\"bottom\",\"show\":true,\"style\":{},\"scale\":{\"type\":\"linear\"},\"labels\":{\"show\":true,\"truncate\":100},\"title\":{\"text\":\"@timestamp per minute\"}}],\"valueAxes\":[{\"id\":\"ValueAxis-1\",\"name\":\"LeftAxis-1\",\"type\":\"value\",\"position\":\"left\",\"show\":true,\"style\":{},\"scale\":{\"type\":\"linear\",\"mode\":\"normal\"},\"labels\":{\"show\":true,\"rotate\":0,\"filter\":false,\"truncate\":100},\"title\":{\"text\":\"Count\"}}],\"seriesParams\":[{\"show\":\"true\",\"type\":\"histogram\",\"mode\":\"stacked\",\"data\":{\"label\":\"Count\",\"id\":\"1\"},\"valueAxis\":\"ValueAxis-1\",\"drawLinesBetweenPoints\":true,\"showCircles\":true}],\"addTooltip\":true,\"addLegend\":true,\"legendPosition\":\"right\",\"times\":[],\"addTimeMarker\":false,\"type\":\"histogram\"},\"aggs\":[{\"id\":\"1\",\"enabled\":true,\"type\":\"count\",\"schema\":\"metric\",\"params\":{}},{\"id\":\"2\",\"enabled\":true,\"type\":\"date_histogram\",\"schema\":\"segment\",\"params\":{\"field\":\"@timestamp\",\"interval\":\"auto\",\"customInterval\":\"2h\",\"min_doc_count\":1,\"extended_bounds\":{}}},{\"id\":\"3\",\"enabled\":true,\"type\":\"filters\",\"schema\":\"group\",\"params\":{\"filters\":[{\"input\":{\"query\":{\"query_string\":{\"query\":\"ibm_audit_outcome:success\"}}},\"label\":\"Success\"},{\"input\":{\"query\":{\"query_string\":{\"query\":\"ibm_audit_outcome:failure OR ibm_audit_outcome:denied\"}}},\"label\":\"Failure/Denied\"}]}}],\"listeners\":{}}",
      "uiStateJSON": "{\"vis\":{\"colors\":{\"Failure/Denied\":\"#BF1B00\",\"Success\":\"#629E51\"}}}",
      "description": "",
      "version": 1,
      "kibanaSavedObjectMeta": {
        "searchSourceJSON": "{\"index\":\"logstash-*\",\"query\":{\"match_all\":{}},\"filter\":[]}"
      }
    }
  },
  {
    "_id": "User-Failures",
    "_type": "visualization",
    "_source": {
      "title": "Users sorted by number of Failures",
      "visState": "{\"title\":\"Users sorted by number of Failures\",\"type\":\"table\",\"params\":{\"perPage\":10,\"showPartialRows\":false,\"showMeticsAtAllLevels\":false,\"sort\":{\"columnIndex\":null,\"direction\":null},\"showTotal\":false,\"totalFunc\":\"sum\",\"type\":\"table\"},\"aggs\":[{\"id\":\"1\",\"enabled\":true,\"type\":\"count\",\"schema\":\"metric\",\"params\":{\"customLabel\":\"Number of Failures\"}},{\"id\":\"2\",\"enabled\":true,\"type\":\"terms\",\"schema\":\"bucket\",\"params\":{\"field\":\"ibm_audit_target.credential.token.keyword\",\"size\":5,\"order\":\"desc\",\"orderBy\":\"1\",\"customLabel\":\"User\"}}],\"listeners\":{}}",
      "uiStateJSON": "{\"vis\":{\"params\":{\"sort\":{\"columnIndex\":null,\"direction\":null}}}}",
      "description": "",
      "version": 1,
      "kibanaSavedObjectMeta": {
        "searchSourceJSON": "{\"index\":\"logstash-*\",\"query\":{\"match_all\":{}},\"filter\":[{\"meta\":{\"index\":\"logstash-*\",\"type\":\"phrases\",\"key\":\"ibm_audit_outcome\",\"value\":\"failure, denied\",\"params\":[\"failure\",\"denied\"],\"negate\":false,\"disabled\":false,\"alias\":null},\"query\":{\"bool\":{\"should\":[{\"match_phrase\":{\"ibm_audit_outcome\":\"failure\"}},{\"match_phrase\":{\"ibm_audit_outcome\":\"denied\"}}],\"minimum_should_match\":1}},\"$state\":{\"store\":\"appState\"}}]}"
      }
    }
  },
  {
    "_id": "17d288d0-b1e9-11e8-ae85-7f52869d5a56",
    "_type": "visualization",
    "_source": {
      "title": "Pod (JMX)",
      "visState": "{\"title\":\"Pod (JMX)\",\"type\":\"table\",\"params\":{\"perPage\":10,\"showPartialRows\":false,\"showMeticsAtAllLevels\":false,\"sort\":{\"columnIndex\":null,\"direction\":null},\"showTotal\":false,\"totalFunc\":\"sum\"},\"aggs\":[{\"id\":\"1\",\"enabled\":true,\"type\":\"count\",\"schema\":\"metric\",\"params\":{}},{\"id\":\"2\",\"enabled\":true,\"type\":\"terms\",\"schema\":\"bucket\",\"params\":{\"field\":\"kubernetes.pod.keyword\",\"size\":5,\"order\":\"desc\",\"orderBy\":\"1\"}}],\"listeners\":{}}",
      "uiStateJSON": "{\"vis\":{\"params\":{\"sort\":{\"columnIndex\":null,\"direction\":null}}}}",
      "description": "",
      "savedSearchId": "liberty_all",
      "version": 1,
      "kibanaSavedObjectMeta": {
        "searchSourceJSON": "{\"filter\":[{\"meta\":{\"index\":\"logstash-*\",\"type\":\"phrases\",\"key\":\"ibm_audit_eventName.keyword\",\"value\":\"JMX_MBEAN, JMX_MBEAN_REGISTER, JMX_MBEAN_ATTRIBUTES, JMX_NOTIFICATION\",\"params\":[\"JMX_MBEAN\",\"JMX_MBEAN_REGISTER\",\"JMX_MBEAN_ATTRIBUTES\",\"JMX_NOTIFICATION\"],\"negate\":false,\"disabled\":false,\"alias\":null},\"query\":{\"bool\":{\"should\":[{\"match_phrase\":{\"ibm_audit_eventName.keyword\":\"JMX_MBEAN\"}},{\"match_phrase\":{\"ibm_audit_eventName.keyword\":\"JMX_MBEAN_REGISTER\"}},{\"match_phrase\":{\"ibm_audit_eventName.keyword\":\"JMX_MBEAN_ATTRIBUTES\"}},{\"match_phrase\":{\"ibm_audit_eventName.keyword\":\"JMX_NOTIFICATION\"}}],\"minimum_should_match\":1}},\"$state\":{\"store\":\"appState\"}}]}"
      }
    }
  },
  {
    "_id": "d9675630-b1e7-11e8-ae85-7f52869d5a56",
    "_type": "visualization",
    "_source": {
      "title": "Pod (AUTHN/AUTHZ)",
      "visState": "{\"title\":\"Pod (AUTHN/AUTHZ)\",\"type\":\"table\",\"params\":{\"perPage\":10,\"showPartialRows\":false,\"showMeticsAtAllLevels\":false,\"sort\":{\"columnIndex\":null,\"direction\":null},\"showTotal\":false,\"totalFunc\":\"sum\"},\"aggs\":[{\"id\":\"1\",\"enabled\":true,\"type\":\"count\",\"schema\":\"metric\",\"params\":{}},{\"id\":\"2\",\"enabled\":true,\"type\":\"terms\",\"schema\":\"bucket\",\"params\":{\"field\":\"kubernetes.pod.keyword\",\"size\":5,\"order\":\"desc\",\"orderBy\":\"1\"}}],\"listeners\":{}}",
      "uiStateJSON": "{\"vis\":{\"params\":{\"sort\":{\"columnIndex\":null,\"direction\":null}}}}",
      "description": "",
      "savedSearchId": "liberty_all",
      "version": 1,
      "kibanaSavedObjectMeta": {
        "searchSourceJSON": "{\"filter\":[{\"meta\":{\"index\":\"logstash-*\",\"type\":\"phrases\",\"key\":\"ibm_audit_eventName.keyword\",\"value\":\"SECURITY_AUTHZ, SECURITY_AUTHN_FAILOVER, SECURITY_AUTHN_DELEGATION, SECURITY_AUTHN, SECURITY_API_AUTHN_TERMINATE, SECURITY_API_AUTHN\",\"params\":[\"SECURITY_AUTHZ\",\"SECURITY_AUTHN_FAILOVER\",\"SECURITY_AUTHN_DELEGATION\",\"SECURITY_AUTHN\",\"SECURITY_API_AUTHN_TERMINATE\",\"SECURITY_API_AUTHN\"],\"negate\":false,\"disabled\":false,\"alias\":null},\"query\":{\"bool\":{\"should\":[{\"match_phrase\":{\"ibm_audit_eventName.keyword\":\"SECURITY_AUTHZ\"}},{\"match_phrase\":{\"ibm_audit_eventName.keyword\":\"SECURITY_AUTHN_FAILOVER\"}},{\"match_phrase\":{\"ibm_audit_eventName.keyword\":\"SECURITY_AUTHN_DELEGATION\"}},{\"match_phrase\":{\"ibm_audit_eventName.keyword\":\"SECURITY_AUTHN\"}},{\"match_phrase\":{\"ibm_audit_eventName.keyword\":\"SECURITY_API_AUTHN_TERMINATE\"}},{\"match_phrase\":{\"ibm_audit_eventName.keyword\":\"SECURITY_API_AUTHN\"}}],\"minimum_should_match\":1}},\"$state\":{\"store\":\"appState\"}}]}"
      }
    }
  },
  {
    "_id": "ea0cf080-b2c8-11e8-a25d-e9479bd2b83b",
    "_type": "visualization",
    "_source": {
      "title": "Pod (SECURITY_MEMBER_MGMT)",
      "visState": "{\"title\":\"Pod (SECURITY_MEMBER_MGMT)\",\"type\":\"table\",\"params\":{\"perPage\":10,\"showPartialRows\":false,\"showMeticsAtAllLevels\":false,\"sort\":{\"columnIndex\":null,\"direction\":null},\"showTotal\":false,\"totalFunc\":\"sum\"},\"aggs\":[{\"id\":\"1\",\"enabled\":true,\"type\":\"count\",\"schema\":\"metric\",\"params\":{}},{\"id\":\"2\",\"enabled\":true,\"type\":\"terms\",\"schema\":\"bucket\",\"params\":{\"field\":\"kubernetes.pod.keyword\",\"size\":5,\"order\":\"desc\",\"orderBy\":\"1\"}}],\"listeners\":{}}",
      "uiStateJSON": "{\"vis\":{\"params\":{\"sort\":{\"columnIndex\":null,\"direction\":null}}}}",
      "description": "",
      "savedSearchId": "liberty_all",
      "version": 1,
      "kibanaSavedObjectMeta": {
        "searchSourceJSON": "{\"filter\":[{\"meta\":{\"index\":\"logstash-*\",\"negate\":false,\"disabled\":false,\"alias\":null,\"type\":\"phrase\",\"key\":\"ibm_audit_eventName.keyword\",\"value\":\"SECURITY_MEMBER_MGMT\"},\"query\":{\"match\":{\"ibm_audit_eventName.keyword\":{\"query\":\"SECURITY_MEMBER_MGMT\",\"type\":\"phrase\"}}},\"$state\":{\"store\":\"appState\"}}]}"
      }
    }
  },
  {
    "_id": "10e45a90-b1e8-11e8-ae85-7f52869d5a56",
    "_type": "visualization",
    "_source": {
      "title": "Container (AUTHN/AUTHZ)",
      "visState": "{\"title\":\"Container (AUTHN/AUTHZ)\",\"type\":\"table\",\"params\":{\"perPage\":10,\"showMeticsAtAllLevels\":false,\"showPartialRows\":false,\"showTotal\":false,\"sort\":{\"columnIndex\":null,\"direction\":null},\"totalFunc\":\"sum\"},\"aggs\":[{\"id\":\"1\",\"enabled\":true,\"type\":\"count\",\"schema\":\"metric\",\"params\":{}},{\"id\":\"2\",\"enabled\":true,\"type\":\"terms\",\"schema\":\"bucket\",\"params\":{\"field\":\"kubernetes.container_name.keyword\",\"size\":5,\"order\":\"desc\",\"orderBy\":\"1\"}}],\"listeners\":{}}",
      "uiStateJSON": "{\"vis\":{\"params\":{\"sort\":{\"columnIndex\":null,\"direction\":null}}}}",
      "description": "",
      "savedSearchId": "liberty_all",
      "version": 1,
      "kibanaSavedObjectMeta": {
        "searchSourceJSON": "{\"filter\":[{\"meta\":{\"index\":\"logstash-*\",\"type\":\"phrases\",\"key\":\"ibm_audit_eventName.keyword\",\"value\":\"SECURITY_API_AUTHN, SECURITY_API_AUTHN_TERMINATE, SECURITY_AUTHN, SECURITY_AUTHN_DELEGATION, SECURITY_AUTHN_FAILOVER, SECURITY_AUTHZ\",\"params\":[\"SECURITY_API_AUTHN\",\"SECURITY_API_AUTHN_TERMINATE\",\"SECURITY_AUTHN\",\"SECURITY_AUTHN_DELEGATION\",\"SECURITY_AUTHN_FAILOVER\",\"SECURITY_AUTHZ\"],\"negate\":false,\"disabled\":false,\"alias\":null},\"query\":{\"bool\":{\"should\":[{\"match_phrase\":{\"ibm_audit_eventName.keyword\":\"SECURITY_API_AUTHN\"}},{\"match_phrase\":{\"ibm_audit_eventName.keyword\":\"SECURITY_API_AUTHN_TERMINATE\"}},{\"match_phrase\":{\"ibm_audit_eventName.keyword\":\"SECURITY_AUTHN\"}},{\"match_phrase\":{\"ibm_audit_eventName.keyword\":\"SECURITY_AUTHN_DELEGATION\"}},{\"match_phrase\":{\"ibm_audit_eventName.keyword\":\"SECURITY_AUTHN_FAILOVER\"}},{\"match_phrase\":{\"ibm_audit_eventName.keyword\":\"SECURITY_AUTHZ\"}}],\"minimum_should_match\":1}},\"$state\":{\"store\":\"appState\"}}]}"
      }
    }
  },
  {
    "_id": "8d300170-b1e9-11e8-ae85-7f52869d5a56",
    "_type": "visualization",
    "_source": {
      "title": "Container (Audit)",
      "visState": "{\"title\":\"Container (Audit)\",\"type\":\"table\",\"params\":{\"perPage\":10,\"showMeticsAtAllLevels\":false,\"showPartialRows\":false,\"showTotal\":false,\"sort\":{\"columnIndex\":null,\"direction\":null},\"totalFunc\":\"sum\"},\"aggs\":[{\"id\":\"1\",\"enabled\":true,\"type\":\"count\",\"schema\":\"metric\",\"params\":{}},{\"id\":\"2\",\"enabled\":true,\"type\":\"terms\",\"schema\":\"bucket\",\"params\":{\"field\":\"kubernetes.container_name.keyword\",\"size\":5,\"order\":\"desc\",\"orderBy\":\"1\"}}],\"listeners\":{}}",
      "uiStateJSON": "{\"vis\":{\"params\":{\"sort\":{\"columnIndex\":null,\"direction\":null}}}}",
      "description": "",
      "savedSearchId": "liberty_all",
      "version": 1,
      "kibanaSavedObjectMeta": {
        "searchSourceJSON": "{\"filter\":[{\"meta\":{\"index\":\"logstash-*\",\"negate\":false,\"disabled\":false,\"alias\":null,\"type\":\"phrase\",\"key\":\"type\",\"value\":\"liberty_audit\"},\"query\":{\"match\":{\"type\":{\"query\":\"liberty_audit\",\"type\":\"phrase\"}}},\"$state\":{\"store\":\"appState\"}}]}"
      }
    }
  },
  {
    "_id": "8099eb20-b1e8-11e8-ae85-7f52869d5a56",
    "_type": "visualization",
    "_source": {
      "title": "Container (JMS)",
      "visState": "{\"title\":\"Container (JMS)\",\"type\":\"table\",\"params\":{\"perPage\":10,\"showMeticsAtAllLevels\":false,\"showPartialRows\":false,\"showTotal\":false,\"sort\":{\"columnIndex\":null,\"direction\":null},\"totalFunc\":\"sum\"},\"aggs\":[{\"id\":\"1\",\"enabled\":true,\"type\":\"count\",\"schema\":\"metric\",\"params\":{}},{\"id\":\"2\",\"enabled\":true,\"type\":\"terms\",\"schema\":\"bucket\",\"params\":{\"field\":\"kubernetes.container_name.keyword\",\"size\":5,\"order\":\"desc\",\"orderBy\":\"1\"}}],\"listeners\":{}}",
      "uiStateJSON": "{\"vis\":{\"params\":{\"sort\":{\"columnIndex\":null,\"direction\":null}}}}",
      "description": "",
      "savedSearchId": "liberty_all",
      "version": 1,
      "kibanaSavedObjectMeta": {
        "searchSourceJSON": "{\"filter\":[{\"meta\":{\"index\":\"logstash-*\",\"type\":\"phrases\",\"key\":\"ibm_audit_eventName.keyword\",\"value\":\"SECURITY_JMS_AUTHN, SECURITY_JMS_AUTHZ\",\"params\":[\"SECURITY_JMS_AUTHN\",\"SECURITY_JMS_AUTHZ\"],\"negate\":false,\"disabled\":false,\"alias\":null},\"query\":{\"bool\":{\"should\":[{\"match_phrase\":{\"ibm_audit_eventName.keyword\":\"SECURITY_JMS_AUTHN\"}},{\"match_phrase\":{\"ibm_audit_eventName.keyword\":\"SECURITY_JMS_AUTHZ\"}}],\"minimum_should_match\":1}},\"$state\":{\"store\":\"appState\"}}]}"
      }
    }
  },
  {
    "_id": "f597a6c0-b2c8-11e8-a25d-e9479bd2b83b",
    "_type": "visualization",
    "_source": {
      "title": "Container (SECURITY_MEMBER_MGMT)",
      "visState": "{\"title\":\"Container (SECURITY_MEMBER_MGMT)\",\"type\":\"table\",\"params\":{\"perPage\":10,\"showMeticsAtAllLevels\":false,\"showPartialRows\":false,\"showTotal\":false,\"sort\":{\"columnIndex\":null,\"direction\":null},\"totalFunc\":\"sum\"},\"aggs\":[{\"id\":\"1\",\"enabled\":true,\"type\":\"count\",\"schema\":\"metric\",\"params\":{}},{\"id\":\"2\",\"enabled\":true,\"type\":\"terms\",\"schema\":\"bucket\",\"params\":{\"field\":\"kubernetes.container_name.keyword\",\"size\":5,\"order\":\"desc\",\"orderBy\":\"1\"}}],\"listeners\":{}}",
      "uiStateJSON": "{\"vis\":{\"params\":{\"sort\":{\"columnIndex\":null,\"direction\":null}}}}",
      "description": "",
      "savedSearchId": "liberty_all",
      "version": 1,
      "kibanaSavedObjectMeta": {
        "searchSourceJSON": "{\"filter\":[{\"meta\":{\"index\":\"logstash-*\",\"negate\":false,\"disabled\":false,\"alias\":null,\"type\":\"phrase\",\"key\":\"ibm_audit_eventName.keyword\",\"value\":\"SECURITY_MEMBER_MGMT\"},\"query\":{\"match\":{\"ibm_audit_eventName.keyword\":{\"query\":\"SECURITY_MEMBER_MGMT\",\"type\":\"phrase\"}}},\"$state\":{\"store\":\"appState\"}}]}"
      }
    }
  },
  {
    "_id": "ebf59770-b1e8-11e8-ae85-7f52869d5a56",
    "_type": "visualization",
    "_source": {
      "title": "Container (JMX)",
      "visState": "{\"title\":\"Container (JMX)\",\"type\":\"table\",\"params\":{\"perPage\":10,\"showMeticsAtAllLevels\":false,\"showPartialRows\":false,\"showTotal\":false,\"sort\":{\"columnIndex\":null,\"direction\":null},\"totalFunc\":\"sum\"},\"aggs\":[{\"id\":\"1\",\"enabled\":true,\"type\":\"count\",\"schema\":\"metric\",\"params\":{}},{\"id\":\"2\",\"enabled\":true,\"type\":\"terms\",\"schema\":\"bucket\",\"params\":{\"field\":\"kubernetes.container_name.keyword\",\"size\":5,\"order\":\"desc\",\"orderBy\":\"1\"}}],\"listeners\":{}}",
      "uiStateJSON": "{\"vis\":{\"params\":{\"sort\":{\"columnIndex\":null,\"direction\":null}}}}",
      "description": "",
      "savedSearchId": "liberty_all",
      "version": 1,
      "kibanaSavedObjectMeta": {
        "searchSourceJSON": "{\"filter\":[{\"meta\":{\"index\":\"logstash-*\",\"type\":\"phrases\",\"key\":\"ibm_audit_eventName.keyword\",\"value\":\"JMX_MBEAN, JMX_MBEAN_REGISTER, JMX_MBEAN_ATTRIBUTES, JMX_NOTIFICATION\",\"params\":[\"JMX_MBEAN\",\"JMX_MBEAN_REGISTER\",\"JMX_MBEAN_ATTRIBUTES\",\"JMX_NOTIFICATION\"],\"negate\":false,\"disabled\":false,\"alias\":null},\"query\":{\"bool\":{\"should\":[{\"match_phrase\":{\"ibm_audit_eventName.keyword\":\"JMX_MBEAN\"}},{\"match_phrase\":{\"ibm_audit_eventName.keyword\":\"JMX_MBEAN_REGISTER\"}},{\"match_phrase\":{\"ibm_audit_eventName.keyword\":\"JMX_MBEAN_ATTRIBUTES\"}},{\"match_phrase\":{\"ibm_audit_eventName.keyword\":\"JMX_NOTIFICATION\"}}],\"minimum_should_match\":1}},\"$state\":{\"store\":\"appState\"}}]}"
      }
    }
  },
  {
    "_id": "c47d4bd0-b200-11e8-ae85-7f52869d5a56",
    "_type": "visualization",
    "_source": {
      "title": "Successes vs Failures (AUTHZ/AUTHN)",
      "visState": "{\"title\":\"Successes vs Failures (AUTHZ/AUTHN)\",\"type\":\"histogram\",\"params\":{\"grid\":{\"categoryLines\":false,\"style\":{\"color\":\"#eee\"}},\"categoryAxes\":[{\"id\":\"CategoryAxis-1\",\"type\":\"category\",\"position\":\"bottom\",\"show\":true,\"style\":{},\"scale\":{\"type\":\"linear\"},\"labels\":{\"show\":true,\"truncate\":100},\"title\":{\"text\":\"@timestamp per 30 seconds\"}}],\"valueAxes\":[{\"id\":\"ValueAxis-1\",\"name\":\"LeftAxis-1\",\"type\":\"value\",\"position\":\"left\",\"show\":true,\"style\":{},\"scale\":{\"type\":\"linear\",\"mode\":\"normal\"},\"labels\":{\"show\":true,\"rotate\":0,\"filter\":false,\"truncate\":100},\"title\":{\"text\":\"Count\"}}],\"seriesParams\":[{\"show\":\"true\",\"type\":\"histogram\",\"mode\":\"stacked\",\"data\":{\"label\":\"Count\",\"id\":\"1\"},\"valueAxis\":\"ValueAxis-1\",\"drawLinesBetweenPoints\":true,\"showCircles\":true}],\"addTooltip\":true,\"addLegend\":true,\"legendPosition\":\"right\",\"times\":[],\"addTimeMarker\":false},\"aggs\":[{\"id\":\"1\",\"enabled\":true,\"type\":\"count\",\"schema\":\"metric\",\"params\":{}},{\"id\":\"2\",\"enabled\":true,\"type\":\"date_histogram\",\"schema\":\"segment\",\"params\":{\"field\":\"@timestamp\",\"interval\":\"auto\",\"customInterval\":\"2h\",\"min_doc_count\":1,\"extended_bounds\":{}}},{\"id\":\"3\",\"enabled\":true,\"type\":\"filters\",\"schema\":\"group\",\"params\":{\"filters\":[{\"input\":{\"query\":{\"query_string\":{\"query\":\"ibm_audit_outcome:success\",\"analyze_wildcard\":true}}},\"label\":\"Success\"},{\"input\":{\"query\":{\"query_string\":{\"query\":\"ibm_audit_outcome:failure OR ibm_audit_outcome:denied\",\"analyze_wildcard\":true}}},\"label\":\"Failure/Denied\"}]}}],\"listeners\":{}}",
      "uiStateJSON": "{}",
      "description": "",
      "savedSearchId": "AUTHN-AUTHZ-Search",
      "version": 1,
      "kibanaSavedObjectMeta": {
        "searchSourceJSON": "{\"filter\":[]}"
      }
    }
  },
  {
    "_id": "1665d770-b1ff-11e8-ae85-7f52869d5a56",
    "_type": "visualization",
    "_source": {
      "title": "Successes vs Failures (JMS)",
      "visState": "{\"title\":\"Successes vs Failures (JMS)\",\"type\":\"histogram\",\"params\":{\"grid\":{\"categoryLines\":false,\"style\":{\"color\":\"#eee\"}},\"categoryAxes\":[{\"id\":\"CategoryAxis-1\",\"type\":\"category\",\"position\":\"bottom\",\"show\":true,\"style\":{},\"scale\":{\"type\":\"linear\"},\"labels\":{\"show\":true,\"truncate\":100},\"title\":{\"text\":\"@timestamp per 30 minutes\"}}],\"valueAxes\":[{\"id\":\"ValueAxis-1\",\"name\":\"LeftAxis-1\",\"type\":\"value\",\"position\":\"left\",\"show\":true,\"style\":{},\"scale\":{\"type\":\"linear\",\"mode\":\"normal\"},\"labels\":{\"show\":true,\"rotate\":0,\"filter\":false,\"truncate\":100},\"title\":{\"text\":\"Count\"}}],\"seriesParams\":[{\"show\":\"true\",\"type\":\"histogram\",\"mode\":\"stacked\",\"data\":{\"label\":\"Count\",\"id\":\"1\"},\"valueAxis\":\"ValueAxis-1\",\"drawLinesBetweenPoints\":true,\"showCircles\":true}],\"addTooltip\":true,\"addLegend\":true,\"legendPosition\":\"right\",\"times\":[],\"addTimeMarker\":false},\"aggs\":[{\"id\":\"1\",\"enabled\":true,\"type\":\"count\",\"schema\":\"metric\",\"params\":{}},{\"id\":\"2\",\"enabled\":true,\"type\":\"date_histogram\",\"schema\":\"segment\",\"params\":{\"field\":\"@timestamp\",\"interval\":\"auto\",\"customInterval\":\"2h\",\"min_doc_count\":1,\"extended_bounds\":{}}},{\"id\":\"3\",\"enabled\":true,\"type\":\"filters\",\"schema\":\"group\",\"params\":{\"filters\":[{\"input\":{\"query\":{\"query_string\":{\"query\":\"ibm_audit_outcome:success\",\"analyze_wildcard\":true}}},\"label\":\"Success\"},{\"input\":{\"query\":{\"query_string\":{\"query\":\"ibm_audit_outcome:failure OR ibm_audit_outcome:denied\",\"analyze_wildcard\":true}}},\"label\":\"Failure/Denied\"}]}}],\"listeners\":{}}",
      "uiStateJSON": "{\"vis\":{\"colors\":{\"Failure/Denied\":\"#BF1B00\",\"Success\":\"#629E51\"}}}",
      "description": "",
      "savedSearchId": "JMS-Search",
      "version": 1,
      "kibanaSavedObjectMeta": {
        "searchSourceJSON": "{\"filter\":[]}"
      }
    }
  },
  {
    "_id": "fec752e0-b200-11e8-ae85-7f52869d5a56",
    "_type": "visualization",
    "_source": {
      "title": "Successes vs Failures (JMX)",
      "visState": "{\"title\":\"Successes vs Failures (JMX)\",\"type\":\"histogram\",\"params\":{\"grid\":{\"categoryLines\":false,\"style\":{\"color\":\"#eee\"}},\"categoryAxes\":[{\"id\":\"CategoryAxis-1\",\"type\":\"category\",\"position\":\"bottom\",\"show\":true,\"style\":{},\"scale\":{\"type\":\"linear\"},\"labels\":{\"show\":true,\"truncate\":100},\"title\":{\"text\":\"@timestamp per 30 seconds\"}}],\"valueAxes\":[{\"id\":\"ValueAxis-1\",\"name\":\"LeftAxis-1\",\"type\":\"value\",\"position\":\"left\",\"show\":true,\"style\":{},\"scale\":{\"type\":\"linear\",\"mode\":\"normal\"},\"labels\":{\"show\":true,\"rotate\":0,\"filter\":false,\"truncate\":100},\"title\":{\"text\":\"Count\"}}],\"seriesParams\":[{\"show\":\"true\",\"type\":\"histogram\",\"mode\":\"stacked\",\"data\":{\"label\":\"Count\",\"id\":\"1\"},\"valueAxis\":\"ValueAxis-1\",\"drawLinesBetweenPoints\":true,\"showCircles\":true}],\"addTooltip\":true,\"addLegend\":true,\"legendPosition\":\"right\",\"times\":[],\"addTimeMarker\":false},\"aggs\":[{\"id\":\"1\",\"enabled\":true,\"type\":\"count\",\"schema\":\"metric\",\"params\":{}},{\"id\":\"2\",\"enabled\":true,\"type\":\"date_histogram\",\"schema\":\"segment\",\"params\":{\"field\":\"@timestamp\",\"interval\":\"auto\",\"customInterval\":\"2h\",\"min_doc_count\":1,\"extended_bounds\":{}}},{\"id\":\"3\",\"enabled\":true,\"type\":\"filters\",\"schema\":\"group\",\"params\":{\"filters\":[{\"input\":{\"query\":{\"query_string\":{\"query\":\"ibm_audit_outcome:success\",\"analyze_wildcard\":true}}},\"label\":\"Success\"},{\"input\":{\"query\":{\"query_string\":{\"query\":\"ibm_audit_outcome:failure OR ibm_audit_outcome:denied\",\"analyze_wildcard\":true}}},\"label\":\"Failure/Denied\"}]}}],\"listeners\":{}}",
      "uiStateJSON": "{}",
      "description": "",
      "savedSearchId": "JMX-Search",
      "version": 1,
      "kibanaSavedObjectMeta": {
        "searchSourceJSON": "{\"filter\":[]}"
      }
    }
  },
  {
    "_id": "bcb692a0-b2d5-11e8-a25d-e9479bd2b83b",
    "_type": "visualization",
    "_source": {
      "title": "Successes vs Failures (SECURITY_MEMBER_MGMT)",
      "visState": "{\"title\":\"Successes vs Failures (SECURITY_MEMBER_MGMT)\",\"type\":\"histogram\",\"params\":{\"grid\":{\"categoryLines\":false,\"style\":{\"color\":\"#eee\"}},\"categoryAxes\":[{\"id\":\"CategoryAxis-1\",\"type\":\"category\",\"position\":\"bottom\",\"show\":true,\"style\":{},\"scale\":{\"type\":\"linear\"},\"labels\":{\"show\":true,\"truncate\":100},\"title\":{\"text\":\"@timestamp per minute\"}}],\"valueAxes\":[{\"id\":\"ValueAxis-1\",\"name\":\"LeftAxis-1\",\"type\":\"value\",\"position\":\"left\",\"show\":true,\"style\":{},\"scale\":{\"type\":\"linear\",\"mode\":\"normal\"},\"labels\":{\"show\":true,\"rotate\":0,\"filter\":false,\"truncate\":100},\"title\":{\"text\":\"Count\"}}],\"seriesParams\":[{\"show\":\"true\",\"type\":\"histogram\",\"mode\":\"stacked\",\"data\":{\"label\":\"Count\",\"id\":\"1\"},\"valueAxis\":\"ValueAxis-1\",\"drawLinesBetweenPoints\":true,\"showCircles\":true}],\"addTooltip\":true,\"addLegend\":true,\"legendPosition\":\"right\",\"times\":[],\"addTimeMarker\":false},\"aggs\":[{\"id\":\"1\",\"enabled\":true,\"type\":\"count\",\"schema\":\"metric\",\"params\":{}},{\"id\":\"2\",\"enabled\":true,\"type\":\"date_histogram\",\"schema\":\"segment\",\"params\":{\"field\":\"@timestamp\",\"interval\":\"auto\",\"customInterval\":\"2h\",\"min_doc_count\":1,\"extended_bounds\":{}}},{\"id\":\"3\",\"enabled\":true,\"type\":\"filters\",\"schema\":\"group\",\"params\":{\"filters\":[{\"input\":{\"query\":{\"query_string\":{\"query\":\"ibm_audit_outcome:success\",\"analyze_wildcard\":true}}},\"label\":\"Success\"},{\"input\":{\"query\":{\"query_string\":{\"query\":\"ibm_audit_outcome:failure OR ibm_audit_outcome:denied\",\"analyze_wildcard\":true}}},\"label\":\"Failure/Denied\"}]}}],\"listeners\":{}}",
      "uiStateJSON": "{\"vis\":{\"colors\":{\"Failure/Denied\":\"#BF1B00\",\"Success\":\"#629E51\"}}}",
      "description": "",
      "savedSearchId": "83fcef90-b2d5-11e8-a25d-e9479bd2b83b",
      "version": 1,
      "kibanaSavedObjectMeta": {
        "searchSourceJSON": "{\"filter\":[]}"
      }
    }
  },
  {
    "_id": "98041530-b2d6-11e8-a25d-e9479bd2b83b",
    "_type": "visualization",
    "_source": {
      "title": "Actions for SECURITY_MEMBER_MGMT events",
      "visState": "{\"title\":\"Actions for SECURITY_MEMBER_MGMT events\",\"type\":\"histogram\",\"params\":{\"grid\":{\"categoryLines\":false,\"style\":{\"color\":\"#eee\"}},\"categoryAxes\":[{\"id\":\"CategoryAxis-1\",\"type\":\"category\",\"position\":\"left\",\"show\":true,\"style\":{},\"scale\":{\"type\":\"linear\"},\"labels\":{\"show\":true,\"rotate\":0,\"filter\":false,\"truncate\":200},\"title\":{\"text\":\"ibm_audit_target.typeURI.keyword: Descending\"}}],\"valueAxes\":[{\"id\":\"ValueAxis-1\",\"name\":\"LeftAxis-1\",\"type\":\"value\",\"position\":\"bottom\",\"show\":true,\"style\":{},\"scale\":{\"type\":\"linear\",\"mode\":\"normal\"},\"labels\":{\"show\":true,\"rotate\":75,\"filter\":true,\"truncate\":100},\"title\":{\"text\":\"Count\"}}],\"seriesParams\":[{\"show\":true,\"type\":\"histogram\",\"mode\":\"normal\",\"data\":{\"label\":\"Count\",\"id\":\"1\"},\"valueAxis\":\"ValueAxis-1\",\"drawLinesBetweenPoints\":true,\"showCircles\":true}],\"addTooltip\":true,\"addLegend\":true,\"legendPosition\":\"right\",\"times\":[],\"addTimeMarker\":false},\"aggs\":[{\"id\":\"1\",\"enabled\":true,\"type\":\"count\",\"schema\":\"metric\",\"params\":{}},{\"id\":\"2\",\"enabled\":true,\"type\":\"terms\",\"schema\":\"segment\",\"params\":{\"field\":\"ibm_audit_target.typeURI.keyword\",\"size\":5,\"order\":\"desc\",\"orderBy\":\"1\"}}],\"listeners\":{}}",
      "uiStateJSON": "{\"vis\":{\"colors\":{\"Count\":\"#BA43A9\"}}}",
      "description": "",
      "savedSearchId": "83fcef90-b2d5-11e8-a25d-e9479bd2b83b",
      "version": 1,
      "kibanaSavedObjectMeta": {
        "searchSourceJSON": "{\"filter\":[]}"
      }
    }
  },
  {
    "_id": "Authentication-Types",
    "_type": "visualization",
    "_source": {
      "title": "Authentication Types over time",
      "visState": "{\"title\":\"Authentication Types over time\",\"type\":\"histogram\",\"params\":{\"addLegend\":true,\"addTimeMarker\":false,\"addTooltip\":true,\"categoryAxes\":[{\"id\":\"CategoryAxis-1\",\"labels\":{\"show\":true,\"truncate\":100},\"position\":\"bottom\",\"scale\":{\"type\":\"linear\"},\"show\":true,\"style\":{},\"title\":{\"text\":\"@timestamp per minute\"},\"type\":\"category\"}],\"grid\":{\"categoryLines\":false,\"style\":{\"color\":\"#eee\"}},\"legendPosition\":\"right\",\"seriesParams\":[{\"data\":{\"id\":\"1\",\"label\":\"Count\"},\"drawLinesBetweenPoints\":true,\"mode\":\"stacked\",\"show\":\"true\",\"showCircles\":true,\"type\":\"histogram\",\"valueAxis\":\"ValueAxis-1\"}],\"times\":[],\"type\":\"histogram\",\"valueAxes\":[{\"id\":\"ValueAxis-1\",\"labels\":{\"filter\":false,\"rotate\":0,\"show\":true,\"truncate\":100},\"name\":\"LeftAxis-1\",\"position\":\"left\",\"scale\":{\"mode\":\"normal\",\"type\":\"linear\"},\"show\":true,\"style\":{},\"title\":{\"text\":\"Count\"},\"type\":\"value\"}]},\"aggs\":[{\"id\":\"1\",\"enabled\":true,\"type\":\"count\",\"schema\":\"metric\",\"params\":{}},{\"id\":\"2\",\"enabled\":true,\"type\":\"date_histogram\",\"schema\":\"segment\",\"params\":{\"field\":\"@timestamp\",\"interval\":\"auto\",\"customInterval\":\"2h\",\"min_doc_count\":1,\"extended_bounds\":{}}},{\"id\":\"3\",\"enabled\":true,\"type\":\"terms\",\"schema\":\"group\",\"params\":{\"field\":\"ibm_audit_target.credential.type.keyword\",\"size\":5,\"order\":\"desc\",\"orderBy\":\"1\"}}],\"listeners\":{}}",
      "uiStateJSON": "{}",
      "description": "",
      "savedSearchId": "AUTHN-AUTHZ-Search",
      "version": 1,
      "kibanaSavedObjectMeta": {
        "searchSourceJSON": "{\"filter\":[]}"
      }
    }
  },
  {
    "_id": "JMX-Actions",
    "_type": "visualization",
    "_source": {
      "title": "Actions over time (JMX)",
      "visState": "{\"aggs\":[{\"enabled\":true,\"id\":\"1\",\"params\":{},\"schema\":\"metric\",\"type\":\"count\"},{\"enabled\":true,\"id\":\"2\",\"params\":{\"customInterval\":\"2h\",\"extended_bounds\":{},\"field\":\"@timestamp\",\"interval\":\"auto\",\"min_doc_count\":1},\"schema\":\"segment\",\"type\":\"date_histogram\"},{\"enabled\":true,\"id\":\"3\",\"params\":{\"field\":\"ibm_audit_target.jmx.mbean.action.keyword\",\"order\":\"desc\",\"orderBy\":\"1\",\"size\":5},\"schema\":\"group\",\"type\":\"terms\"}],\"listeners\":{},\"params\":{\"addLegend\":true,\"addTimeMarker\":false,\"addTooltip\":true,\"categoryAxes\":[{\"id\":\"CategoryAxis-1\",\"labels\":{\"show\":true,\"truncate\":100},\"position\":\"bottom\",\"scale\":{\"type\":\"linear\"},\"show\":true,\"style\":{},\"title\":{\"text\":\"@timestamp per minute\"},\"type\":\"category\"}],\"grid\":{\"categoryLines\":false,\"style\":{\"color\":\"#eee\"}},\"legendPosition\":\"right\",\"seriesParams\":[{\"data\":{\"id\":\"1\",\"label\":\"Count\"},\"drawLinesBetweenPoints\":true,\"mode\":\"stacked\",\"show\":\"true\",\"showCircles\":true,\"type\":\"histogram\",\"valueAxis\":\"ValueAxis-1\"}],\"times\":[],\"type\":\"histogram\",\"valueAxes\":[{\"id\":\"ValueAxis-1\",\"labels\":{\"filter\":false,\"rotate\":0,\"show\":true,\"truncate\":100},\"name\":\"LeftAxis-1\",\"position\":\"left\",\"scale\":{\"mode\":\"normal\",\"type\":\"linear\"},\"show\":true,\"style\":{},\"title\":{\"text\":\"Count\"},\"type\":\"value\"}]},\"title\":\"Actions over time (JMX)\",\"type\":\"histogram\"}",
      "uiStateJSON": "{}",
      "description": "",
      "savedSearchId": "JMX-Search",
      "version": 1,
      "kibanaSavedObjectMeta": {
        "searchSourceJSON": "{\"filter\":[]}"
      }
    }
  },
  {
    "_id": "683deb70-b536-11e8-a088-f55341e519d7",
    "_type": "visualization",
    "_source": {
      "title": "Destination over time",
      "visState": "{\"aggs\":[{\"enabled\":true,\"id\":\"1\",\"params\":{},\"schema\":\"metric\",\"type\":\"count\"},{\"enabled\":true,\"id\":\"2\",\"params\":{\"customInterval\":\"2h\",\"extended_bounds\":{},\"field\":\"@timestamp\",\"interval\":\"auto\",\"min_doc_count\":1},\"schema\":\"segment\",\"type\":\"date_histogram\"},{\"enabled\":true,\"id\":\"3\",\"params\":{\"field\":\"ibm_audit_target.messaging.destination.keyword\",\"order\":\"desc\",\"orderBy\":\"1\",\"size\":5},\"schema\":\"group\",\"type\":\"terms\"}],\"listeners\":{},\"params\":{\"addLegend\":true,\"addTimeMarker\":false,\"addTooltip\":true,\"categoryAxes\":[{\"id\":\"CategoryAxis-1\",\"labels\":{\"show\":true,\"truncate\":100},\"position\":\"bottom\",\"scale\":{\"type\":\"linear\"},\"show\":true,\"style\":{},\"title\":{\"text\":\"@timestamp per minute\"},\"type\":\"category\"}],\"grid\":{\"categoryLines\":false,\"style\":{\"color\":\"#eee\"}},\"legendPosition\":\"right\",\"seriesParams\":[{\"data\":{\"id\":\"1\",\"label\":\"Count\"},\"drawLinesBetweenPoints\":true,\"mode\":\"stacked\",\"show\":\"true\",\"showCircles\":true,\"type\":\"histogram\",\"valueAxis\":\"ValueAxis-1\"}],\"times\":[],\"valueAxes\":[{\"id\":\"ValueAxis-1\",\"labels\":{\"filter\":false,\"rotate\":0,\"show\":true,\"truncate\":100},\"name\":\"LeftAxis-1\",\"position\":\"left\",\"scale\":{\"mode\":\"normal\",\"type\":\"linear\"},\"show\":true,\"style\":{},\"title\":{\"text\":\"Count\"},\"type\":\"value\"}]},\"title\":\"Destination over time\",\"type\":\"histogram\"}",
      "uiStateJSON": "{}",
      "description": "",
      "savedSearchId": "JMS-Search",
      "version": 1,
      "kibanaSavedObjectMeta": {
        "searchSourceJSON": "{\"filter\":[]}"
      }
    }
  },
  {
    "_id": "82b70950-b1e9-11e8-ae85-7f52869d5a56",
    "_type": "visualization",
    "_source": {
      "title": "Namespace (Audit)",
      "visState": "{\"title\":\"Namespace (Audit)\",\"type\":\"table\",\"params\":{\"perPage\":10,\"showPartialRows\":false,\"showMeticsAtAllLevels\":false,\"sort\":{\"columnIndex\":null,\"direction\":null},\"showTotal\":false,\"totalFunc\":\"sum\"},\"aggs\":[{\"id\":\"1\",\"enabled\":true,\"type\":\"count\",\"schema\":\"metric\",\"params\":{}},{\"id\":\"2\",\"enabled\":true,\"type\":\"terms\",\"schema\":\"bucket\",\"params\":{\"field\":\"kubernetes.namespace.keyword\",\"size\":5,\"order\":\"desc\",\"orderBy\":\"1\"}}],\"listeners\":{}}",
      "uiStateJSON": "{\"vis\":{\"params\":{\"sort\":{\"columnIndex\":null,\"direction\":null}}}}",
      "description": "",
      "savedSearchId": "liberty_all",
      "version": 1,
      "kibanaSavedObjectMeta": {
        "searchSourceJSON": "{\"filter\":[{\"meta\":{\"index\":\"logstash-*\",\"negate\":false,\"disabled\":false,\"alias\":null,\"type\":\"phrase\",\"key\":\"type\",\"value\":\"liberty_audit\"},\"query\":{\"match\":{\"type\":{\"query\":\"liberty_audit\",\"type\":\"phrase\"}}},\"$state\":{\"store\":\"appState\"}}]}"
      }
    }
  },
  {
    "_id": "00dc8b30-b1e9-11e8-ae85-7f52869d5a56",
    "_type": "visualization",
    "_source": {
      "title": "Namespace (JMX)",
      "visState": "{\"title\":\"Namespace (JMX)\",\"type\":\"table\",\"params\":{\"perPage\":10,\"showPartialRows\":false,\"showMeticsAtAllLevels\":false,\"sort\":{\"columnIndex\":null,\"direction\":null},\"showTotal\":false,\"totalFunc\":\"sum\"},\"aggs\":[{\"id\":\"1\",\"enabled\":true,\"type\":\"count\",\"schema\":\"metric\",\"params\":{}},{\"id\":\"2\",\"enabled\":true,\"type\":\"terms\",\"schema\":\"bucket\",\"params\":{\"field\":\"kubernetes.namespace.keyword\",\"size\":5,\"order\":\"desc\",\"orderBy\":\"1\"}}],\"listeners\":{}}",
      "uiStateJSON": "{\"vis\":{\"params\":{\"sort\":{\"columnIndex\":null,\"direction\":null}}}}",
      "description": "",
      "savedSearchId": "liberty_all",
      "version": 1,
      "kibanaSavedObjectMeta": {
        "searchSourceJSON": "{\"filter\":[{\"meta\":{\"index\":\"logstash-*\",\"type\":\"phrases\",\"key\":\"ibm_audit_eventName.keyword\",\"value\":\"JMX_NOTIFICATION, JMX_MBEAN_ATTRIBUTES, JMX_MBEAN_REGISTER, JMX_MBEAN\",\"params\":[\"JMX_NOTIFICATION\",\"JMX_MBEAN_ATTRIBUTES\",\"JMX_MBEAN_REGISTER\",\"JMX_MBEAN\"],\"negate\":false,\"disabled\":false,\"alias\":null},\"query\":{\"bool\":{\"should\":[{\"match_phrase\":{\"ibm_audit_eventName.keyword\":\"JMX_NOTIFICATION\"}},{\"match_phrase\":{\"ibm_audit_eventName.keyword\":\"JMX_MBEAN_ATTRIBUTES\"}},{\"match_phrase\":{\"ibm_audit_eventName.keyword\":\"JMX_MBEAN_REGISTER\"}},{\"match_phrase\":{\"ibm_audit_eventName.keyword\":\"JMX_MBEAN\"}}],\"minimum_should_match\":1}},\"$state\":{\"store\":\"appState\"}}]}"
      }
    }
  },
  {
    "_id": "dd474940-b2c8-11e8-a25d-e9479bd2b83b",
    "_type": "visualization",
    "_source": {
      "title": "Namespace (SECURITY_MEMBER_MGMT)",
      "visState": "{\"title\":\"Namespace (SECURITY_MEMBER_MGMT)\",\"type\":\"table\",\"params\":{\"perPage\":10,\"showPartialRows\":false,\"showMeticsAtAllLevels\":false,\"sort\":{\"columnIndex\":null,\"direction\":null},\"showTotal\":false,\"totalFunc\":\"sum\"},\"aggs\":[{\"id\":\"1\",\"enabled\":true,\"type\":\"count\",\"schema\":\"metric\",\"params\":{}},{\"id\":\"2\",\"enabled\":true,\"type\":\"terms\",\"schema\":\"bucket\",\"params\":{\"field\":\"kubernetes.namespace.keyword\",\"size\":5,\"order\":\"desc\",\"orderBy\":\"1\"}}],\"listeners\":{}}",
      "uiStateJSON": "{\"vis\":{\"params\":{\"sort\":{\"columnIndex\":null,\"direction\":null}}}}",
      "description": "",
      "savedSearchId": "liberty_all",
      "version": 1,
      "kibanaSavedObjectMeta": {
        "searchSourceJSON": "{\"filter\":[{\"meta\":{\"index\":\"logstash-*\",\"negate\":false,\"disabled\":false,\"alias\":null,\"type\":\"phrase\",\"key\":\"ibm_audit_eventName.keyword\",\"value\":\"SECURITY_MEMBER_MGMT\"},\"query\":{\"match\":{\"ibm_audit_eventName.keyword\":{\"query\":\"SECURITY_MEMBER_MGMT\",\"type\":\"phrase\"}}},\"$state\":{\"store\":\"appState\"}}]}"
      }
    }
  },
  {
    "_id": "7f707bc0-b1e7-11e8-ae85-7f52869d5a56",
    "_type": "visualization",
    "_source": {
      "title": "Namespace (AUTHN/AUTHZ)",
      "visState": "{\"title\":\"Namespace (AUTHN/AUTHZ)\",\"type\":\"table\",\"params\":{\"perPage\":10,\"showPartialRows\":false,\"showMeticsAtAllLevels\":false,\"sort\":{\"columnIndex\":null,\"direction\":null},\"showTotal\":false,\"totalFunc\":\"sum\"},\"aggs\":[{\"id\":\"1\",\"enabled\":true,\"type\":\"count\",\"schema\":\"metric\",\"params\":{}},{\"id\":\"2\",\"enabled\":true,\"type\":\"terms\",\"schema\":\"bucket\",\"params\":{\"field\":\"kubernetes.namespace.keyword\",\"size\":5,\"order\":\"desc\",\"orderBy\":\"1\"}}],\"listeners\":{}}",
      "uiStateJSON": "{\"vis\":{\"params\":{\"sort\":{\"columnIndex\":null,\"direction\":null}}}}",
      "description": "",
      "savedSearchId": "liberty_all",
      "version": 1,
      "kibanaSavedObjectMeta": {
        "searchSourceJSON": "{\"filter\":[{\"meta\":{\"index\":\"logstash-*\",\"type\":\"phrases\",\"key\":\"ibm_audit_eventName.keyword\",\"value\":\"SECURITY_AUTHZ, SECURITY_AUTHN_FAILOVER, SECURITY_AUTHN_DELEGATION, SECURITY_AUTHN, SECURITY_API_AUTHN_TERMINATE, SECURITY_API_AUTHN\",\"params\":[\"SECURITY_AUTHZ\",\"SECURITY_AUTHN_FAILOVER\",\"SECURITY_AUTHN_DELEGATION\",\"SECURITY_AUTHN\",\"SECURITY_API_AUTHN_TERMINATE\",\"SECURITY_API_AUTHN\"],\"negate\":false,\"disabled\":false,\"alias\":null},\"query\":{\"bool\":{\"should\":[{\"match_phrase\":{\"ibm_audit_eventName.keyword\":\"SECURITY_AUTHZ\"}},{\"match_phrase\":{\"ibm_audit_eventName.keyword\":\"SECURITY_AUTHN_FAILOVER\"}},{\"match_phrase\":{\"ibm_audit_eventName.keyword\":\"SECURITY_AUTHN_DELEGATION\"}},{\"match_phrase\":{\"ibm_audit_eventName.keyword\":\"SECURITY_AUTHN\"}},{\"match_phrase\":{\"ibm_audit_eventName.keyword\":\"SECURITY_API_AUTHN_TERMINATE\"}},{\"match_phrase\":{\"ibm_audit_eventName.keyword\":\"SECURITY_API_AUTHN\"}}],\"minimum_should_match\":1}},\"$state\":{\"store\":\"appState\"}}]}"
      }
    }
  },
  {
    "_id": "67c1e710-b1e8-11e8-ae85-7f52869d5a56",
    "_type": "visualization",
    "_source": {
      "title": "Namespace (JMS)",
      "visState": "{\"title\":\"Namespace (JMS)\",\"type\":\"table\",\"params\":{\"perPage\":10,\"showPartialRows\":false,\"showMeticsAtAllLevels\":false,\"sort\":{\"columnIndex\":null,\"direction\":null},\"showTotal\":false,\"totalFunc\":\"sum\"},\"aggs\":[{\"id\":\"1\",\"enabled\":true,\"type\":\"count\",\"schema\":\"metric\",\"params\":{}},{\"id\":\"2\",\"enabled\":true,\"type\":\"terms\",\"schema\":\"bucket\",\"params\":{\"field\":\"kubernetes.namespace.keyword\",\"size\":5,\"order\":\"desc\",\"orderBy\":\"1\"}}],\"listeners\":{}}",
      "uiStateJSON": "{\"vis\":{\"params\":{\"sort\":{\"columnIndex\":null,\"direction\":null}}}}",
      "description": "",
      "savedSearchId": "liberty_all",
      "version": 1,
      "kibanaSavedObjectMeta": {
        "searchSourceJSON": "{\"filter\":[{\"meta\":{\"index\":\"logstash-*\",\"type\":\"phrases\",\"key\":\"ibm_audit_eventName.keyword\",\"value\":\"SECURITY_JMS_AUTHN, SECURITY_JMS_AUTHZ\",\"params\":[\"SECURITY_JMS_AUTHN\",\"SECURITY_JMS_AUTHZ\"],\"negate\":false,\"disabled\":false,\"alias\":null},\"query\":{\"bool\":{\"should\":[{\"match_phrase\":{\"ibm_audit_eventName.keyword\":\"SECURITY_JMS_AUTHN\"}},{\"match_phrase\":{\"ibm_audit_eventName.keyword\":\"SECURITY_JMS_AUTHZ\"}}],\"minimum_should_match\":1}},\"$state\":{\"store\":\"appState\"}}]}"
      }
    }
  },
  {
    "_id": "9a70f330-b1e9-11e8-ae85-7f52869d5a56",
    "_type": "visualization",
    "_source": {
      "title": "Pod (Audit)",
      "visState": "{\"title\":\"Pod (Audit)\",\"type\":\"table\",\"params\":{\"perPage\":10,\"showPartialRows\":false,\"showMeticsAtAllLevels\":false,\"sort\":{\"columnIndex\":null,\"direction\":null},\"showTotal\":false,\"totalFunc\":\"sum\"},\"aggs\":[{\"id\":\"1\",\"enabled\":true,\"type\":\"count\",\"schema\":\"metric\",\"params\":{}},{\"id\":\"2\",\"enabled\":true,\"type\":\"terms\",\"schema\":\"bucket\",\"params\":{\"field\":\"kubernetes.pod.keyword\",\"size\":5,\"order\":\"desc\",\"orderBy\":\"1\"}}],\"listeners\":{}}",
      "uiStateJSON": "{\"vis\":{\"params\":{\"sort\":{\"columnIndex\":null,\"direction\":null}}}}",
      "description": "",
      "savedSearchId": "liberty_all",
      "version": 1,
      "kibanaSavedObjectMeta": {
        "searchSourceJSON": "{\"filter\":[{\"meta\":{\"index\":\"logstash-*\",\"negate\":false,\"disabled\":false,\"alias\":null,\"type\":\"phrase\",\"key\":\"type\",\"value\":\"liberty_audit\"},\"query\":{\"match\":{\"type\":{\"query\":\"liberty_audit\",\"type\":\"phrase\"}}},\"$state\":{\"store\":\"appState\"}}]}"
      }
    }
  },
  {
    "_id": "995c1d40-b1e8-11e8-ae85-7f52869d5a56",
    "_type": "visualization",
    "_source": {
      "title": "Pod (JMS)",
      "visState": "{\"title\":\"Pod (JMS)\",\"type\":\"table\",\"params\":{\"perPage\":10,\"showPartialRows\":false,\"showMeticsAtAllLevels\":false,\"sort\":{\"columnIndex\":null,\"direction\":null},\"showTotal\":false,\"totalFunc\":\"sum\"},\"aggs\":[{\"id\":\"1\",\"enabled\":true,\"type\":\"count\",\"schema\":\"metric\",\"params\":{}},{\"id\":\"2\",\"enabled\":true,\"type\":\"terms\",\"schema\":\"bucket\",\"params\":{\"field\":\"kubernetes.pod.keyword\",\"size\":5,\"order\":\"desc\",\"orderBy\":\"1\"}}],\"listeners\":{}}",
      "uiStateJSON": "{\"vis\":{\"params\":{\"sort\":{\"columnIndex\":null,\"direction\":null}}}}",
      "description": "",
      "savedSearchId": "liberty_all",
      "version": 1,
      "kibanaSavedObjectMeta": {
        "searchSourceJSON": "{\"filter\":[{\"meta\":{\"index\":\"logstash-*\",\"type\":\"phrases\",\"key\":\"ibm_audit_eventName.keyword\",\"value\":\"SECURITY_JMS_AUTHN, SECURITY_JMS_AUTHZ\",\"params\":[\"SECURITY_JMS_AUTHN\",\"SECURITY_JMS_AUTHZ\"],\"negate\":false,\"disabled\":false,\"alias\":null},\"query\":{\"bool\":{\"should\":[{\"match_phrase\":{\"ibm_audit_eventName.keyword\":\"SECURITY_JMS_AUTHN\"}},{\"match_phrase\":{\"ibm_audit_eventName.keyword\":\"SECURITY_JMS_AUTHZ\"}}],\"minimum_should_match\":1}},\"$state\":{\"store\":\"appState\"}}]}"
      }
    }
  },
  {
    "_id": "f8daff00-b2d5-11e8-a25d-e9479bd2b83b",
    "_type": "visualization",
    "_source": {
      "title": "Actions sorted by Number of Failures",
      "visState": "{\"title\":\"Actions sorted by Number of Failures\",\"type\":\"table\",\"params\":{\"perPage\":10,\"showPartialRows\":true,\"showMeticsAtAllLevels\":false,\"sort\":{\"columnIndex\":null,\"direction\":null},\"showTotal\":false,\"totalFunc\":\"sum\"},\"aggs\":[{\"id\":\"1\",\"enabled\":true,\"type\":\"count\",\"schema\":\"metric\",\"params\":{\"customLabel\":\"Number of Failures\"}},{\"id\":\"2\",\"enabled\":true,\"type\":\"terms\",\"schema\":\"bucket\",\"params\":{\"field\":\"ibm_audit_target.typeURI.keyword\",\"size\":5,\"order\":\"desc\",\"orderBy\":\"1\",\"customLabel\":\"Action\"}},{\"id\":\"3\",\"enabled\":true,\"type\":\"terms\",\"schema\":\"bucket\",\"params\":{\"field\":\"ibm_audit_target.uniqueName.keyword\",\"size\":5,\"order\":\"desc\",\"orderBy\":\"1\",\"customLabel\":\"Unique Name\"}}],\"listeners\":{}}",
      "uiStateJSON": "{\"vis\":{\"params\":{\"sort\":{\"columnIndex\":null,\"direction\":null}}}}",
      "description": "",
      "savedSearchId": "83fcef90-b2d5-11e8-a25d-e9479bd2b83b",
      "version": 1,
      "kibanaSavedObjectMeta": {
        "searchSourceJSON": "{\"filter\":[{\"meta\":{\"index\":\"logstash-*\",\"type\":\"phrases\",\"key\":\"ibm_audit_outcome.keyword\",\"value\":\"failure, denied\",\"params\":[\"failure\",\"denied\"],\"negate\":false,\"disabled\":false,\"alias\":null},\"query\":{\"bool\":{\"should\":[{\"match_phrase\":{\"ibm_audit_outcome.keyword\":\"failure\"}},{\"match_phrase\":{\"ibm_audit_outcome.keyword\":\"denied\"}}],\"minimum_should_match\":1}},\"$state\":{\"store\":\"appState\"}}]}"
      }
    }
  },
  {
    "_id": "Event-Types",
    "_type": "visualization",
    "_source": {
      "title": "Event Types over time",
      "visState": "{\"title\":\"Event Types over time\",\"type\":\"histogram\",\"params\":{\"addLegend\":true,\"addTimeMarker\":false,\"addTooltip\":true,\"categoryAxes\":[{\"id\":\"CategoryAxis-1\",\"labels\":{\"show\":true,\"truncate\":100},\"position\":\"bottom\",\"scale\":{\"type\":\"linear\"},\"show\":true,\"style\":{},\"title\":{\"text\":\"@timestamp per minute\"},\"type\":\"category\"}],\"grid\":{\"categoryLines\":false,\"style\":{\"color\":\"#eee\"}},\"legendPosition\":\"right\",\"seriesParams\":[{\"data\":{\"id\":\"1\",\"label\":\"Count\"},\"drawLinesBetweenPoints\":true,\"mode\":\"stacked\",\"show\":\"true\",\"showCircles\":true,\"type\":\"histogram\",\"valueAxis\":\"ValueAxis-1\"}],\"times\":[],\"type\":\"histogram\",\"valueAxes\":[{\"id\":\"ValueAxis-1\",\"labels\":{\"filter\":false,\"rotate\":0,\"show\":true,\"truncate\":100},\"name\":\"LeftAxis-1\",\"position\":\"left\",\"scale\":{\"mode\":\"normal\",\"type\":\"linear\"},\"show\":true,\"style\":{},\"title\":{\"text\":\"Count\"},\"type\":\"value\"}]},\"aggs\":[{\"id\":\"1\",\"enabled\":true,\"type\":\"count\",\"schema\":\"metric\",\"params\":{}},{\"id\":\"2\",\"enabled\":true,\"type\":\"date_histogram\",\"schema\":\"segment\",\"params\":{\"field\":\"@timestamp\",\"interval\":\"auto\",\"customInterval\":\"2h\",\"min_doc_count\":1,\"extended_bounds\":{}}},{\"id\":\"3\",\"enabled\":true,\"type\":\"terms\",\"schema\":\"group\",\"params\":{\"field\":\"ibm_audit_eventName.keyword\",\"size\":5,\"order\":\"desc\",\"orderBy\":\"1\"}}],\"listeners\":{}}",
      "uiStateJSON": "{}",
      "description": "",
      "version": 1,
      "kibanaSavedObjectMeta": {
        "searchSourceJSON": "{\"index\":\"logstash-*\",\"query\":{\"match_all\":{}},\"filter\":[]}"
      }
    }
  },
  {
    "_id": "2abcff80-b53a-11e8-a088-f55341e519d7",
    "_type": "visualization",
    "_source": {
      "title": "Actions and Outcomes (SECURITY_MEMBER_MGMT)",
      "visState": "{\"title\":\"Actions and Outcomes (SECURITY_MEMBER_MGMT)\",\"type\":\"pie\",\"params\":{\"addTooltip\":true,\"addLegend\":true,\"legendPosition\":\"right\",\"isDonut\":true},\"aggs\":[{\"id\":\"1\",\"enabled\":true,\"type\":\"count\",\"schema\":\"metric\",\"params\":{}},{\"id\":\"2\",\"enabled\":true,\"type\":\"filters\",\"schema\":\"segment\",\"params\":{\"filters\":[{\"input\":{\"query\":{\"query_string\":{\"query\":\"ibm_audit_outcome.keyword:success\",\"analyze_wildcard\":true}}},\"label\":\"Success\"},{\"input\":{\"query\":{\"query_string\":{\"query\":\"ibm_audit_outcome.keyword:failure OR ibm_audit_outcome.keyword:denied\",\"analyze_wildcard\":true}}},\"label\":\"Failure/Denied\"}]}},{\"id\":\"3\",\"enabled\":true,\"type\":\"terms\",\"schema\":\"segment\",\"params\":{\"field\":\"ibm_audit_target.typeURI.keyword\",\"size\":5,\"order\":\"desc\",\"orderBy\":\"1\"}}],\"listeners\":{}}",
      "uiStateJSON": "{\"vis\":{\"colors\":{\"Failure/Denied\":\"#BF1B00\",\"Success\":\"#629E51\",\"service/vmmservice/get\":\"#052B51\",\"service/vmmservice/search\":\"#0A50A1\",\"service/vmmservice/delete\":\"#5195CE\",\"service/vmmservice/update\":\"#BADFF4\"}}}",
      "description": "",
      "savedSearchId": "83fcef90-b2d5-11e8-a25d-e9479bd2b83b",
      "version": 1,
      "kibanaSavedObjectMeta": {
        "searchSourceJSON": "{\"filter\":[]}"
      }
    }
  }
]