[
  {
    "_id": "Liberty-Problems-K5-20180628",
    "_type": "dashboard",
    "_source": {
      "title": "Liberty-Problems-K5-20180912",
      "hits": 0,
      "description": "",
      "panelsJSON": "[{\"col\":1,\"id\":\"liberty_probleminfo\",\"panelIndex\":1,\"row\":1,\"size_x\":12,\"size_y\":1,\"type\":\"visualization\"},{\"col\":1,\"id\":\"liberty_topMessageIds\",\"panelIndex\":5,\"row\":4,\"size_x\":12,\"size_y\":3,\"type\":\"visualization\"},{\"col\":1,\"id\":\"liberty_messageGraph\",\"panelIndex\":6,\"row\":7,\"size_x\":4,\"size_y\":2,\"type\":\"visualization\"},{\"col\":9,\"id\":\"liberty_ffdcGraph\",\"panelIndex\":7,\"row\":7,\"size_x\":4,\"size_y\":2,\"type\":\"visualization\"},{\"col\":5,\"id\":\"liberty_traceGraph\",\"panelIndex\":8,\"row\":7,\"size_x\":4,\"size_y\":2,\"type\":\"visualization\"},{\"col\":1,\"id\":\"a7788150-127b-11e8-b2a4-9b29ad430e63\",\"panelIndex\":13,\"row\":2,\"size_x\":4,\"size_y\":2,\"type\":\"visualization\"},{\"col\":5,\"id\":\"38ce29c0-127c-11e8-b2a4-9b29ad430e63\",\"panelIndex\":14,\"row\":2,\"size_x\":4,\"size_y\":2,\"type\":\"visualization\"},{\"col\":9,\"id\":\"e37ee8f0-127c-11e8-b2a4-9b29ad430e63\",\"panelIndex\":15,\"row\":2,\"size_x\":4,\"size_y\":2,\"type\":\"visualization\"},{\"col\":1,\"columns\":[\"loglevel\",\"module\",\"message\",\"ibm_sequence\"],\"id\":\"liberty_traceSearch\",\"panelIndex\":16,\"row\":13,\"size_x\":12,\"size_y\":4,\"sort\":[\"ibm_sequence.keyword\",\"desc\"],\"type\":\"search\"},{\"col\":1,\"columns\":[\"loglevel\",\"module\",\"message\",\"ibm_sequence\"],\"id\":\"liberty_messageSearch\",\"panelIndex\":17,\"row\":9,\"size_x\":12,\"size_y\":4,\"sort\":[\"ibm_sequence.keyword\",\"desc\"],\"type\":\"search\"},{\"col\":1,\"columns\":[\"ibm_className\",\"ibm_probeID\",\"ibm_exceptionName\",\"ibm_sequence\"],\"id\":\"liberty_ffdcSearch\",\"panelIndex\":18,\"row\":17,\"size_x\":12,\"size_y\":4,\"sort\":[\"ibm_sequence.keyword\",\"desc\"],\"type\":\"search\"}]",
      "optionsJSON": "{\"darkTheme\":false}",
      "uiStateJSON": "{\"P-13\":{\"vis\":{\"params\":{\"sort\":{\"columnIndex\":null,\"direction\":null}}}},\"P-14\":{\"vis\":{\"params\":{\"sort\":{\"columnIndex\":null,\"direction\":null}}}},\"P-15\":{\"vis\":{\"params\":{\"sort\":{\"columnIndex\":null,\"direction\":null}}}},\"P-6\":{\"vis\":{\"colors\":{\"AUDIT\":\"#3F2B5B\",\"INFO\":\"#7EB26D\",\"SEVERE\":\"#BF1B00\",\"WARNING\":\"#F2C96D\"}}}}",
      "version": 1,
      "timeRestore": false,
      "kibanaSavedObjectMeta": {
        "searchSourceJSON": "{\"filter\":[{\"query\":{\"query_string\":{\"analyze_wildcard\":true,\"query\":\"type:liberty_message OR type:liberty_trace OR type:liberty_ffdc\"}}}],\"highlightAll\":true,\"version\":true}"
      }
    }
  },
  {
    "_id": "liberty_all",
    "_type": "search",
    "_source": {
      "title": "Liberty All Search",
      "description": "",
      "hits": 0,
      "columns": [
        "_source"
      ],
      "sort": [
        "ibm_sequence.keyword",
        "desc"
      ],
      "version": 1,
      "kibanaSavedObjectMeta": {
        "searchSourceJSON": "{\"index\":\"logstash-*\",\"highlight\":{\"pre_tags\":[\"@kibana-highlighted-field@\"],\"post_tags\":[\"@/kibana-highlighted-field@\"],\"fields\":{\"*\":{}},\"fragment_size\":2147483647},\"filter\":[],\"query\":{\"query_string\":{\"query\":\"type:liberty_*\",\"analyze_wildcard\":true}}}"
      }
    }
  },
  {
    "_id": "liberty_badHits",
    "_type": "search",
    "_source": {
      "title": "Liberty Bad Hits Search",
      "description": "",
      "hits": 0,
      "columns": [
        "_source"
      ],
      "sort": [
        "ibm_sequence.keyword",
        "desc"
      ],
      "version": 1,
      "kibanaSavedObjectMeta": {
        "searchSourceJSON": "{\"index\":\"logstash-*\",\"highlight\":{\"pre_tags\":[\"@kibana-highlighted-field@\"],\"post_tags\":[\"@/kibana-highlighted-field@\"],\"fields\":{\"*\":{}},\"fragment_size\":2147483647},\"filter\":[],\"query\":{\"query_string\":{\"query\":\"type:\\\"liberty_accesslog\\\" AND !ibm_responseCode:\\\"200\\\"\",\"analyze_wildcard\":true}}}"
      }
    }
  },
  {
    "_id": "liberty_ffdcSearch",
    "_type": "search",
    "_source": {
      "title": "Liberty FFDC Search",
      "description": "",
      "hits": 0,
      "columns": [
        "ibm_className",
        "ibm_probeID",
        "ibm_exceptionName",
        "ibm_sequence"
      ],
      "sort": [
        "ibm_sequence.keyword",
        "desc"
      ],
      "version": 1,
      "kibanaSavedObjectMeta": {
        "searchSourceJSON": "{\"index\":\"logstash-*\",\"query\":{\"query_string\":{\"analyze_wildcard\":true,\"query\":\"type:liberty_ffdc\"}},\"filter\":[],\"highlight\":{\"pre_tags\":[\"@kibana-highlighted-field@\"],\"post_tags\":[\"@/kibana-highlighted-field@\"],\"fields\":{\"*\":{}},\"fragment_size\":2147483647}}"
      }
    }
  },
  {
    "_id": "liberty_messageSearch",
    "_type": "search",
    "_source": {
      "title": "Liberty Messages Search",
      "description": "",
      "hits": 0,
      "columns": [
        "loglevel",
        "module",
        "message",
        "ibm_sequence"
      ],
      "sort": [
        "ibm_sequence.keyword",
        "desc"
      ],
      "version": 1,
      "kibanaSavedObjectMeta": {
        "searchSourceJSON": "{\"index\":\"logstash-*\",\"query\":{\"query_string\":{\"query\":\"type:liberty_message\",\"analyze_wildcard\":true}},\"filter\":[],\"highlight\":{\"pre_tags\":[\"@kibana-highlighted-field@\"],\"post_tags\":[\"@/kibana-highlighted-field@\"],\"fields\":{\"*\":{}},\"fragment_size\":2147483647}}"
      }
    }
  },
  {
    "_id": "liberty_traceSearch",
    "_type": "search",
    "_source": {
      "title": "Liberty Trace Search",
      "description": "",
      "hits": 0,
      "columns": [
        "loglevel",
        "module",
        "message",
        "ibm_sequence"
      ],
      "sort": [
        "ibm_sequence.keyword",
        "desc"
      ],
      "version": 1,
      "kibanaSavedObjectMeta": {
        "searchSourceJSON": "{\"index\":\"logstash-*\",\"query\":{\"query_string\":{\"query\":\"type:liberty_trace\",\"analyze_wildcard\":true}},\"filter\":[],\"highlight\":{\"pre_tags\":[\"@kibana-highlighted-field@\"],\"post_tags\":[\"@/kibana-highlighted-field@\"],\"fields\":{\"*\":{}},\"fragment_size\":2147483647}}"
      }
    }
  },
  {
    "_id": "e37ee8f0-127c-11e8-b2a4-9b29ad430e63",
    "_type": "visualization",
    "_source": {
      "title": "Container",
      "visState": "{\"aggs\":[{\"enabled\":true,\"id\":\"1\",\"params\":{},\"schema\":\"metric\",\"type\":\"count\"},{\"enabled\":true,\"id\":\"2\",\"params\":{\"field\":\"kubernetes.container_name.keyword\",\"order\":\"desc\",\"orderBy\":\"1\",\"size\":5},\"schema\":\"bucket\",\"type\":\"terms\"}],\"listeners\":{},\"params\":{\"perPage\":10,\"showMeticsAtAllLevels\":false,\"showPartialRows\":false,\"showTotal\":false,\"sort\":{\"columnIndex\":null,\"direction\":null},\"totalFunc\":\"sum\"},\"title\":\"Container\",\"type\":\"table\"}",
      "uiStateJSON": "{\"vis\":{\"params\":{\"sort\":{\"columnIndex\":null,\"direction\":null}}}}",
      "description": "",
      "savedSearchId": "liberty_all",
      "version": 1,
      "kibanaSavedObjectMeta": {
        "searchSourceJSON": "{\"filter\":[]}"
      }
    }
  },
  {
    "_id": "a7788150-127b-11e8-b2a4-9b29ad430e63",
    "_type": "visualization",
    "_source": {
      "title": "Namespace",
      "visState": "{\"title\":\"Namespace\",\"type\":\"table\",\"params\":{\"perPage\":10,\"showPartialRows\":false,\"showMeticsAtAllLevels\":false,\"sort\":{\"columnIndex\":null,\"direction\":null},\"showTotal\":false,\"totalFunc\":\"sum\"},\"aggs\":[{\"id\":\"1\",\"enabled\":true,\"type\":\"count\",\"schema\":\"metric\",\"params\":{}},{\"id\":\"2\",\"enabled\":true,\"type\":\"terms\",\"schema\":\"bucket\",\"params\":{\"field\":\"kubernetes.namespace.keyword\",\"size\":5,\"order\":\"desc\",\"orderBy\":\"1\"}}],\"listeners\":{}}",
      "uiStateJSON": "{\"vis\":{\"params\":{\"sort\":{\"columnIndex\":null,\"direction\":null}}}}",
      "description": "",
      "savedSearchId": "liberty_all",
      "version": 1,
      "kibanaSavedObjectMeta": {
        "searchSourceJSON": "{\"filter\":[]}"
      }
    }
  },
  {
    "_id": "liberty_probleminfo",
    "_type": "visualization",
    "_source": {
      "title": "Liberty Problems Dashboard",
      "visState": "{\"title\":\"Liberty Problems Dashboard\",\"type\":\"markdown\",\"params\":{\"markdown\":\"Dashboard visualizes message, trace and FFDC information. Click on namespace, pod or container name to filter the content shown on the dashboard.\"},\"aggs\":[],\"listeners\":{}}",
      "uiStateJSON": "{}",
      "description": "",
      "version": 1,
      "kibanaSavedObjectMeta": {
        "searchSourceJSON": "{\"query\":{\"query_string\":{\"query\":\"*\",\"analyze_wildcard\":true}},\"filter\":[]}"
      }
    }
  },
  {
    "_id": "38ce29c0-127c-11e8-b2a4-9b29ad430e63",
    "_type": "visualization",
    "_source": {
      "title": "Pod",
      "visState": "{\"title\":\"Pod\",\"type\":\"table\",\"params\":{\"perPage\":10,\"showPartialRows\":false,\"showMeticsAtAllLevels\":false,\"sort\":{\"columnIndex\":null,\"direction\":null},\"showTotal\":false,\"totalFunc\":\"sum\"},\"aggs\":[{\"id\":\"1\",\"enabled\":true,\"type\":\"count\",\"schema\":\"metric\",\"params\":{}},{\"id\":\"2\",\"enabled\":true,\"type\":\"terms\",\"schema\":\"bucket\",\"params\":{\"field\":\"kubernetes.pod.keyword\",\"size\":5,\"order\":\"desc\",\"orderBy\":\"1\"}}],\"listeners\":{}}",
      "uiStateJSON": "{\"vis\":{\"params\":{\"sort\":{\"columnIndex\":null,\"direction\":null}}}}",
      "description": "",
      "savedSearchId": "liberty_all",
      "version": 1,
      "kibanaSavedObjectMeta": {
        "searchSourceJSON": "{\"filter\":[]}"
      }
    }
  },
  {
    "_id": "liberty_traceGraph",
    "_type": "visualization",
    "_source": {
      "title": "Liberty Trace",
      "visState": "{\"title\":\"Liberty Trace\",\"type\":\"histogram\",\"params\":{\"addLegend\":true,\"addTimeMarker\":false,\"addTooltip\":true,\"categoryAxes\":[{\"id\":\"CategoryAxis-1\",\"labels\":{\"show\":true,\"truncate\":100},\"position\":\"bottom\",\"scale\":{\"type\":\"linear\"},\"show\":true,\"style\":{},\"title\":{\"text\":\"@timestamp per 30 minutes\"},\"type\":\"category\"}],\"defaultYExtents\":false,\"grid\":{\"categoryLines\":false,\"style\":{\"color\":\"#eee\"}},\"legendPosition\":\"right\",\"mode\":\"stacked\",\"scale\":\"linear\",\"seriesParams\":[{\"data\":{\"id\":\"1\",\"label\":\"Count\"},\"drawLinesBetweenPoints\":true,\"mode\":\"stacked\",\"show\":\"true\",\"showCircles\":true,\"type\":\"histogram\",\"valueAxis\":\"ValueAxis-1\"}],\"setYExtents\":false,\"shareYAxis\":true,\"times\":[],\"valueAxes\":[{\"id\":\"ValueAxis-1\",\"labels\":{\"filter\":false,\"rotate\":0,\"show\":true,\"truncate\":100},\"name\":\"LeftAxis-1\",\"position\":\"left\",\"scale\":{\"mode\":\"normal\",\"type\":\"linear\"},\"show\":true,\"style\":{},\"title\":{\"text\":\"Count\"},\"type\":\"value\"}],\"yAxis\":{}},\"aggs\":[{\"id\":\"1\",\"enabled\":true,\"type\":\"count\",\"schema\":\"metric\",\"params\":{}},{\"id\":\"2\",\"enabled\":true,\"type\":\"date_histogram\",\"schema\":\"segment\",\"params\":{\"field\":\"@timestamp\",\"interval\":\"auto\",\"customInterval\":\"2h\",\"min_doc_count\":1,\"extended_bounds\":{}}},{\"id\":\"3\",\"enabled\":true,\"type\":\"terms\",\"schema\":\"group\",\"params\":{\"field\":\"loglevel.keyword\",\"size\":5,\"order\":\"desc\",\"orderBy\":\"1\"}}],\"listeners\":{}}",
      "uiStateJSON": "{}",
      "description": "",
      "savedSearchId": "liberty_traceSearch",
      "version": 1,
      "kibanaSavedObjectMeta": {
        "searchSourceJSON": "{\"filter\":[]}"
      }
    }
  },
  {
    "_id": "liberty_traceCount",
    "_type": "visualization",
    "_source": {
      "title": "Liberty Trace Count",
      "visState": "{\"type\":\"metric\",\"params\":{\"fontSize\":\"30\"},\"aggs\":[{\"id\":\"1\",\"type\":\"count\",\"schema\":\"metric\",\"params\":{}}],\"listeners\":{},\"title\":\"Liberty Trace Count\"}",
      "uiStateJSON": "{}",
      "description": "",
      "savedSearchId": "liberty_traceSearch",
      "version": 1,
      "kibanaSavedObjectMeta": {
        "searchSourceJSON": "{\"filter\":[]}"
      }
    }
  },
  {
    "_id": "liberty_messageGraph",
    "_type": "visualization",
    "_source": {
      "title": "Liberty Message",
      "visState": "{\"title\":\"Liberty Message\",\"type\":\"histogram\",\"params\":{\"addLegend\":true,\"addTimeMarker\":false,\"addTooltip\":true,\"categoryAxes\":[{\"id\":\"CategoryAxis-1\",\"labels\":{\"show\":true,\"truncate\":100},\"position\":\"bottom\",\"scale\":{\"type\":\"linear\"},\"show\":true,\"style\":{},\"title\":{\"text\":\"@timestamp per 30 minutes\"},\"type\":\"category\"}],\"defaultYExtents\":false,\"grid\":{\"categoryLines\":false,\"style\":{\"color\":\"#eee\"}},\"legendPosition\":\"right\",\"mode\":\"stacked\",\"scale\":\"linear\",\"seriesParams\":[{\"data\":{\"id\":\"1\",\"label\":\"Count\"},\"drawLinesBetweenPoints\":true,\"mode\":\"stacked\",\"show\":\"true\",\"showCircles\":true,\"type\":\"histogram\",\"valueAxis\":\"ValueAxis-1\"}],\"setYExtents\":false,\"shareYAxis\":true,\"times\":[],\"valueAxes\":[{\"id\":\"ValueAxis-1\",\"labels\":{\"filter\":false,\"rotate\":0,\"show\":true,\"truncate\":100},\"name\":\"LeftAxis-1\",\"position\":\"left\",\"scale\":{\"mode\":\"normal\",\"type\":\"linear\"},\"show\":true,\"style\":{},\"title\":{\"text\":\"Count\"},\"type\":\"value\"}],\"yAxis\":{}},\"aggs\":[{\"id\":\"1\",\"enabled\":true,\"type\":\"count\",\"schema\":\"metric\",\"params\":{}},{\"id\":\"2\",\"enabled\":true,\"type\":\"date_histogram\",\"schema\":\"segment\",\"params\":{\"field\":\"@timestamp\",\"interval\":\"auto\",\"customInterval\":\"2h\",\"min_doc_count\":1,\"extended_bounds\":{}}},{\"id\":\"3\",\"enabled\":true,\"type\":\"terms\",\"schema\":\"group\",\"params\":{\"field\":\"loglevel.keyword\",\"size\":5,\"order\":\"desc\",\"orderBy\":\"1\"}}],\"listeners\":{}}",
      "uiStateJSON": "{}",
      "description": "",
      "version": 1,
      "kibanaSavedObjectMeta": {
        "searchSourceJSON": "{\"index\":\"logstash-*\",\"query\":{\"query_string\":{\"analyze_wildcard\":true,\"query\":\"type:liberty_message*\"}},\"filter\":[]}"
      }
    }
  },
  {
    "_id": "liberty_messageCount",
    "_type": "visualization",
    "_source": {
      "title": "Liberty Message Count",
      "visState": "{\"type\":\"metric\",\"params\":{\"fontSize\":\"30\"},\"aggs\":[{\"id\":\"1\",\"type\":\"count\",\"schema\":\"metric\",\"params\":{}}],\"listeners\":{},\"title\":\"Liberty Message Count\"}",
      "uiStateJSON": "{}",
      "description": "",
      "version": 1,
      "kibanaSavedObjectMeta": {
        "searchSourceJSON": "{\"index\":\"logstash-*\",\"query\":{\"query_string\":{\"analyze_wildcard\":true,\"query\":\"type:liberty_message*\"}},\"filter\":[]}"
      }
    }
  },
  {
    "_id": "liberty_topMessageIds",
    "_type": "visualization",
    "_source": {
      "title": "Liberty Top Message IDs",
      "visState": "{\"title\":\"Liberty Top Message IDs\",\"type\":\"histogram\",\"params\":{\"addLegend\":true,\"addTimeMarker\":false,\"addTooltip\":true,\"categoryAxes\":[{\"id\":\"CategoryAxis-1\",\"labels\":{\"show\":true,\"truncate\":100},\"position\":\"bottom\",\"scale\":{\"type\":\"linear\"},\"show\":true,\"style\":{},\"title\":{\"text\":\"@timestamp per 30 seconds\"},\"type\":\"category\"}],\"defaultYExtents\":false,\"grid\":{\"categoryLines\":false,\"style\":{\"color\":\"#eee\"}},\"legendPosition\":\"right\",\"mode\":\"stacked\",\"scale\":\"linear\",\"seriesParams\":[{\"data\":{\"id\":\"1\",\"label\":\"Count\"},\"drawLinesBetweenPoints\":true,\"mode\":\"stacked\",\"show\":\"true\",\"showCircles\":true,\"type\":\"histogram\",\"valueAxis\":\"ValueAxis-1\"}],\"setYExtents\":false,\"shareYAxis\":true,\"times\":[],\"valueAxes\":[{\"id\":\"ValueAxis-1\",\"labels\":{\"filter\":false,\"rotate\":0,\"show\":true,\"truncate\":100},\"name\":\"LeftAxis-1\",\"position\":\"left\",\"scale\":{\"mode\":\"normal\",\"type\":\"linear\"},\"show\":true,\"style\":{},\"title\":{\"text\":\"Count\"},\"type\":\"value\"}],\"yAxis\":{}},\"aggs\":[{\"id\":\"1\",\"enabled\":true,\"type\":\"count\",\"schema\":\"metric\",\"params\":{}},{\"id\":\"2\",\"enabled\":true,\"type\":\"date_histogram\",\"schema\":\"segment\",\"params\":{\"field\":\"@timestamp\",\"interval\":\"auto\",\"customInterval\":\"2h\",\"min_doc_count\":1,\"extended_bounds\":{}}},{\"id\":\"3\",\"enabled\":true,\"type\":\"terms\",\"schema\":\"group\",\"params\":{\"field\":\"ibm_messageId.keyword\",\"size\":5,\"order\":\"desc\",\"orderBy\":\"1\"}}],\"listeners\":{}}",
      "uiStateJSON": "{}",
      "description": "",
      "savedSearchId": "liberty_messageSearch",
      "version": 1,
      "kibanaSavedObjectMeta": {
        "searchSourceJSON": "{\"filter\":[]}"
      }
    }
  },
  {
    "_id": "liberty_hotMessages",
    "_type": "visualization",
    "_source": {
      "title": "Liberty Hot Messages",
      "visState": "{\"type\":\"histogram\",\"params\":{\"shareYAxis\":true,\"addTooltip\":true,\"addLegend\":true,\"scale\":\"linear\",\"mode\":\"stacked\",\"times\":[],\"addTimeMarker\":false,\"defaultYExtents\":false,\"setYExtents\":false,\"yAxis\":{}},\"aggs\":[{\"id\":\"1\",\"type\":\"count\",\"schema\":\"metric\",\"params\":{}},{\"id\":\"2\",\"type\":\"date_histogram\",\"schema\":\"segment\",\"params\":{\"field\":\"@timestamp\",\"interval\":\"a\",\"customInterval\":\"2h\",\"min_doc_count\":1,\"extended_bounds\":{}}},{\"id\":\"3\",\"type\":\"filters\",\"schema\":\"group\",\"params\":{\"filters\":[{\"input\":{\"query\":{\"query_string\":{\"query\":\"loglevel:FATAL\",\"analyze_wildcard\":true}}},\"label\":\"\"},{\"input\":{\"query\":{\"query_string\":{\"query\":\"loglevel:ERROR\",\"analyze_wildcard\":true}}}},{\"input\":{\"query\":{\"query_string\":{\"query\":\"loglevel:WARNING\",\"analyze_wildcard\":true}}}}]}}],\"listeners\":{},\"title\":\"Liberty Hot Messages\"}",
      "uiStateJSON": "{}",
      "description": "",
      "savedSearchId": "liberty_messageSearch",
      "version": 1,
      "kibanaSavedObjectMeta": {
        "searchSourceJSON": "{\"filter\":[]}"
      }
    }
  },
  {
    "_id": "liberty_ffdcGraph",
    "_type": "visualization",
    "_source": {
      "title": "Liberty FFDC",
      "visState": "{\"title\":\"Liberty FFDC\",\"type\":\"histogram\",\"params\":{\"addLegend\":true,\"addTimeMarker\":false,\"addTooltip\":true,\"categoryAxes\":[{\"id\":\"CategoryAxis-1\",\"labels\":{\"show\":true,\"truncate\":100},\"position\":\"bottom\",\"scale\":{\"type\":\"linear\"},\"show\":true,\"style\":{},\"title\":{\"text\":\"@timestamp per 30 minutes\"},\"type\":\"category\"}],\"defaultYExtents\":false,\"grid\":{\"categoryLines\":false,\"style\":{\"color\":\"#eee\"}},\"legendPosition\":\"right\",\"mode\":\"stacked\",\"scale\":\"linear\",\"seriesParams\":[{\"data\":{\"id\":\"1\",\"label\":\"Count\"},\"drawLinesBetweenPoints\":true,\"mode\":\"stacked\",\"show\":\"true\",\"showCircles\":true,\"type\":\"histogram\",\"valueAxis\":\"ValueAxis-1\"}],\"setYExtents\":false,\"shareYAxis\":true,\"times\":[],\"valueAxes\":[{\"id\":\"ValueAxis-1\",\"labels\":{\"filter\":false,\"rotate\":0,\"show\":true,\"truncate\":100},\"name\":\"LeftAxis-1\",\"position\":\"left\",\"scale\":{\"mode\":\"normal\",\"type\":\"linear\"},\"show\":true,\"style\":{},\"title\":{\"text\":\"Count\"},\"type\":\"value\"}],\"yAxis\":{}},\"aggs\":[{\"id\":\"1\",\"enabled\":true,\"type\":\"count\",\"schema\":\"metric\",\"params\":{}},{\"id\":\"2\",\"enabled\":true,\"type\":\"date_histogram\",\"schema\":\"segment\",\"params\":{\"field\":\"@timestamp\",\"interval\":\"auto\",\"customInterval\":\"2h\",\"min_doc_count\":1,\"extended_bounds\":{}}}],\"listeners\":{}}",
      "uiStateJSON": "{}",
      "description": "",
      "savedSearchId": "liberty_ffdcSearch",
      "version": 1,
      "kibanaSavedObjectMeta": {
        "searchSourceJSON": "{\"filter\":[]}"
      }
    }
  },
  {
    "_id": "liberty_ffdcCount",
    "_type": "visualization",
    "_source": {
      "title": "Liberty FFDC Count",
      "visState": "{\"type\":\"metric\",\"params\":{\"fontSize\":\"30\"},\"aggs\":[{\"id\":\"1\",\"type\":\"count\",\"schema\":\"metric\",\"params\":{}}],\"listeners\":{},\"title\":\"Liberty FFDC Count\"}",
      "uiStateJSON": "{}",
      "description": "",
      "savedSearchId": "liberty_ffdcSearch",
      "version": 1,
      "kibanaSavedObjectMeta": {
        "searchSourceJSON": "{\"filter\":[]}"
      }
    }
  }
]